name1,type1,ref1,strand1,left1,right1,name2,type2,ref2,strand2,left2,right2,nb_ints,nb_multi,in_libs,fisher_pvalue,fisher_fdr,odds_ratio,bp_pvalue,bp_fdr,meanlen1,nms1,meanlen2,nms2
Vcr222,sRNA,NC_002505,-,2783840,2783908,OppZ,sRNA,NC_002505,+,1164273,1164325,67359,3,true,0.0,0.0,83.65997879559472,8.42739537509971e-32,7.942820141031477e-30,29,0.2413,29,0.2316
FarS,sRNA,NC_002505,-,2266017,2266134,VSsrna24,sRNA,NC_002505,+,106481,106537,52350,3,true,0.0,0.0,14.288615603534295,1.8095344953665423e-10,4.872817891094189e-9,29,0.2414,29,0.2306
Vcr229,sRNA,NC_002506,+,897527,897726,VSsrna24,sRNA,NC_002505,+,106481,106537,14636,0,true,0.0,0.0,6.748231199332536,6.98713585960222e-73,1.3170751095350184e-70,29,0.2423,29,0.2306
VC0734,CDS_UTRS,NC_002505,+,788749,790684,Vcr001,sRNA,NC_002505,+,21901,21941,10820,0,true,0.0,0.0,30.00859355849817,2.0644452049901624e-8,3.537708374005869e-7,29,0.2445,29,0.235
VSsrna24,sRNA,NC_002505,+,106481,106537,FarS,sRNA,NC_002505,-,2266017,2266134,10649,1,true,0.0,0.0,4.914756293358218,1.0962222088386783e-12,4.1327577273218175e-11,29,0.2428,29,0.2254
Vcr025,sRNA,NC_002505,+,522631,522716,VadR,sRNA,NC_002506,+,3202,3285,8340,0,true,0.0,0.0,653.4616316190456,9.132975472998405e-16,3.8257019481337756e-14,29,0.239,29,0.2336
MicX,sRNA,NC_002506,-,893273,893616,VC0972,CDS_UTRS,NC_002505,+,1037691,1038978,8295,0,true,0.0,0.0,129.2937692270614,5.071443013257452e-5,0.0004779835039995149,29,0.2421,29,0.2303
VSsrna24,sRNA,NC_002505,+,106481,106537,Vcr229,sRNA,NC_002506,+,897527,897726,7059,0,true,0.0,0.0,12.574482051891097,1.3503538283714966e-73,5.090833932960542e-71,29,0.2499,29,0.2309
VC0549,CDS_UTRS,NC_002505,+,582157,582617,Vcr001,sRNA,NC_002505,+,21901,21941,6262,0,true,0.0,0.0,27.884675338342483,1.6633618838554789e-6,2.2395979650482695e-5,29,0.2386,29,0.2316
VC0972,CDS_UTRS,NC_002505,+,1037691,1038978,MicX,sRNA,NC_002506,-,893273,893616,6122,0,true,0.0,0.0,178.126113042018,1.4129648677940935e-8,2.5366083578970154e-7,29,0.2445,29,0.2303
VC0573,CDS_UTRS,NC_002505,+,604056,604812,Vcr001,sRNA,NC_002505,+,21901,21941,4414,1,true,0.0,0.0,19.505796784043444,0.6448126907259032,0.9783640881861816,29,0.2413,29,0.2336
VCA0059,CDS_UTRS,NC_002506,-,66326,66974,VrrA,sRNA,NC_002505,+,1878684,1878823,3906,0,true,0.0,0.0,305.65466171340995,0.039860876033264395,0.17473895656442648,29,0.2501,29,0.2345
oppA,CDS_UTRS,NC_002505,+,1158468,1160373,Vcr001,sRNA,NC_002505,+,21901,21941,2645,0,true,0.0,0.0,13.556994302514621,0.004559020084637221,0.02993913392831326,29,0.2586,29,0.228
VC2086,CDS_UTRS,NC_002505,-,2245324,2246621,Vcr001,sRNA,NC_002505,+,21901,21941,2565,0,true,0.0,0.0,13.368400605286332,5.158300739593223e-7,7.479536072410174e-6,29,0.2429,29,0.2402
VC1337,CDS_UTRS,NC_002505,+,1420725,1421993,Spot42,sRNA,NC_002505,+,106076,106185,2553,0,true,0.0,0.0,1391.5927169282977,0.03198361420756046,0.1565950981331207,29,0.2487,29,0.2354
VSsrna24,sRNA,NC_002505,+,106481,106537,Vcr001,sRNA,NC_002505,+,21901,21941,2361,0,true,1.0,1.0,0.30006821574272213,0.6385045205637024,0.9745595313867038,29,0.2435,29,0.2317
VCA1097,CDS_UTRS,NC_002506,-,1052859,1053364,VqmR,sRNA,NC_002506,+,1031438,1031588,2188,0,true,0.0,0.0,290.5448417771446,9.85917096828538e-10,2.18641615002564e-8,29,0.2377,29,0.2276
VC1461,CDS_UTRS,NC_002505,-,1570993,1571309,Vcr096,sRNA,NC_002506,-,243936,243986,2082,0,true,0.0,0.0,2670.2366211318295,1.328742413817817e-5,0.00015654246562791157,29,0.2445,29,0.2373
FarS,sRNA,NC_002505,-,2266017,2266134,Vcr001,sRNA,NC_002505,+,21901,21941,1974,0,true,1.0,1.0,0.12541473896964744,3.1535409393963288e-6,4.0996032212152276e-5,29,0.2447,29,0.2492
VC1149,CDS_UTRS,NC_002505,-,1220318,1222019,Vcr001,sRNA,NC_002505,+,21901,21941,1933,1,true,0.0,0.0,25.329972607627404,0.055126203942671065,0.22109126474879778,29,0.2675,29,0.24
VC1872,CDS_UTRS,NC_002505,+,2014835,2016961,FarS,sRNA,NC_002505,-,2266017,2266134,1839,0,true,0.0,0.0,36.033078398886495,5.190217031150314e-6,6.522372735812228e-5,29,0.2344,29,0.2295
VC1898,CDS_UTRS,NC_002505,+,2044294,2046597,VSsrna24,sRNA,NC_002505,+,106481,106537,1740,0,true,0.0,0.0,8.58843897524748,0.9999986067456026,1.0,29,0.2569,29,0.2362
Vcr017,sRNA,NC_002505,-,350275,350367,VSsrna24,sRNA,NC_002505,+,106481,106537,1503,0,true,1.0,1.0,0.4806323393494695,0.9999999999998913,1.0,29,0.2641,29,0.2542
rpoB,CDS_UTRS,NC_002505,+,340254,344451,Vcr017,sRNA,NC_002505,-,350275,350367,1437,0,true,0.0,0.0,98.96804299661537,0.9999942278091977,1.0,29,0.2533,29,0.2422
Vcr229,sRNA,NC_002506,+,897527,897726,Vcr228,sRNA,NC_002506,+,787266,787431,1354,0,true,0.0,0.0,39.46826993927391,2.3420203946259724e-24,1.4715694812899862e-22,29,0.2378,29,0.2452
VC1043,CDS_UTRS,NC_002505,-,1111380,1112947,FarS,sRNA,NC_002505,-,2266017,2266134,1340,0,true,0.0,0.0,37.69005083483868,0.011490291500667566,0.06768499837111988,29,0.241,29,0.2269
VC2469,CDS_UTRS,NC_002505,+,2650006,2652058,Vcr017,sRNA,NC_002505,-,350275,350367,1314,0,true,0.0,0.0,70.14629408413485,0.9999999999999997,1.0,29,0.2428,29,0.2085
QrrX,sRNA,NC_002506,-,776823,776968,Qrr3,sRNA,NC_002506,+,772258,772365,1288,0,true,0.0,0.0,151.62741520490397,1.5283519350825423e-55,1.9206289317537282e-53,29,0.2376,29,0.2283
VC0305,CDS_UTRS,NC_002505,-,316344,317860,VqmR,sRNA,NC_002506,+,1031438,1031588,1159,0,true,0.0,0.0,233.50205115746343,0.8527227569265421,1.0,29,0.2597,29,0.2399
VC0567,CDS_UTRS,NC_002505,-,601073,601774,Vcr001,sRNA,NC_002505,+,21901,21941,1152,0,true,0.0,0.0,26.180487234634594,0.0006376556911944015,0.004906044807761007,29,0.2326,29,0.2205
VC0348,CDS_UTRS,NC_002505,+,370445,371757,Vcr001,sRNA,NC_002505,+,21901,21941,1111,1,true,0.0,0.0,25.625561622879736,0.02746012354350314,0.14120221251285825,29,0.2358,29,0.216
Vcr017,sRNA,NC_002505,-,350275,350367,Vcr001,sRNA,NC_002505,+,21901,21941,1080,0,true,1.0,1.0,0.5533055914570277,0.9926844608325961,1.0,29,0.2991,29,0.2194
VC0671,CDS_UTRS,NC_002505,+,716880,717661,Vcr017,sRNA,NC_002505,-,350275,350367,1060,0,true,0.0,0.0,98.53454869899042,0.9993505662893485,1.0,29,0.2406,29,0.2245
FarS,sRNA,NC_002505,-,2266017,2266134,VC1872,CDS_UTRS,NC_002505,+,2014835,2016961,1047,0,true,0.0,0.0,7.864484348101061,2.2908089628670874e-5,0.0002540102879414388,28,0.2388,29,0.2292
VC1760,CDS_UTRS,NC_002505,-,1897970,1901459,Vcr001,sRNA,NC_002505,+,21901,21941,1021,0,true,0.0,0.0,22.30096684630371,0.035543994130989964,0.1696213390808002,29,0.2811,29,0.2321
rplQ,CDS_UTRS,NC_002505,-,2750912,2751498,FarS,sRNA,NC_002505,-,2266017,2266134,993,0,true,0.0,0.0,37.8459062613458,0.03717240325472765,0.17280998079320176,29,0.2437,29,0.2377
MicX,sRNA,NC_002506,-,893273,893616,OppZ,sRNA,NC_002505,+,1164273,1164325,956,0,true,1.0,1.0,0.2522772013519696,0.004606020604355886,0.02993913392831326,29,0.2448,29,0.2333
VcdRP,sRNA,NC_002505,-,2433387,2433692,Vcr034,sRNA,NC_002505,-,756018,756164,910,0,true,0.0,0.0,1990.3418804729324,0.9999854240178436,1.0,29,0.2571,29,0.2242
FarS,sRNA,NC_002505,-,2266017,2266134,VCA1072,CDS_UTRS,NC_002506,-,1022807,1023541,891,0,true,0.0,0.0,20.380598554270044,0.19050814183639891,0.5032043875867506,29,0.2514,29,0.2177
VC0583,CDS_UTRS,NC_002505,-,612366,613376,Qrr3,sRNA,NC_002506,+,772258,772365,887,0,true,0.0,0.0,174.03917468127062,0.034846861976960304,0.16842649955530814,29,0.2311,29,0.2232
Vcr036,sRNA,NC_002505,-,840378,840471,VrrA,sRNA,NC_002505,+,1878684,1878823,815,0,true,0.0,0.0,80.17057887709576,7.172110904365729e-16,3.3798572636823494e-14,29,0.2466,29,0.2319
VC2367,CDS_UTRS,NC_002505,-,2523852,2524435,Vcr001,sRNA,NC_002505,+,21901,21941,800,0,true,0.0,0.0,25.79370701268364,0.004084812995395223,0.02799953635025453,29,0.2587,29,0.23
Vcr017,sRNA,NC_002505,-,350275,350367,FarS,sRNA,NC_002505,-,2266017,2266134,800,0,true,0.9999999842761822,1.0,0.8198168915382826,0.483697441958939,0.8358089999999999,29,0.235,29,0.23
atpC,CDS_UTRS,NC_002505,-,2949562,2950107,Vcr017,sRNA,NC_002505,-,350275,350367,794,0,true,0.0,0.0,95.71524168016953,0.9164446626788101,1.0,29,0.2443,29,0.2456
sucA,CDS_UTRS,NC_002505,-,2246650,2249504,Vcr001,sRNA,NC_002505,+,21901,21941,775,0,true,3.311494860601242e-200,1.0368778989751431e-199,4.806936741656886,0.00041771308556832576,0.003280788192901225,29,0.2077,28,0.2142
VC1558,CDS_UTRS,NC_002505,-,1669192,1670828,VSsrna24,sRNA,NC_002505,+,106481,106537,768,0,true,0.0,0.0,17.764578980371056,0.2885430968204994,0.6047954806629834,29,0.2682,29,0.2357
VCA0919,CDS_UTRS,NC_002506,+,871122,871725,Vcr017,sRNA,NC_002505,-,350275,350367,744,0,true,0.0,0.0,62.8573459738568,0.9096624051210471,1.0,29,0.2272,29,0.2312
MicX,sRNA,NC_002506,-,893273,893616,FarS,sRNA,NC_002505,-,2266017,2266134,741,0,true,1.0,1.0,0.5452880386214248,0.20962519578727445,0.5268579920786831,29,0.2375,29,0.2375
VC2271,CDS_UTRS,NC_002505,-,2425321,2426424,Vcr017,sRNA,NC_002505,-,350275,350367,737,0,true,0.0,0.0,89.15656280301818,0.9977123379490191,1.0,29,0.2483,28,0.2198
VC2348,CDS_UTRS,NC_002505,-,2504358,2505619,Vcr017,sRNA,NC_002505,-,350275,350367,734,0,true,0.0,0.0,87.1664948234343,0.9999938960967031,1.0,29,0.233,29,0.2357
Vcr017,sRNA,NC_002505,-,350275,350367,GcvB,sRNA,NC_002505,-,954718,954922,674,0,true,0.0,0.0,20.252835730358473,0.9999996662877976,1.0,29,0.2374,29,0.2151
MicX,sRNA,NC_002506,-,893273,893616,Vcr001,sRNA,NC_002505,+,21901,21941,670,0,true,1.0,1.0,0.23786976514823865,0.8029260139129342,1.0,29,0.2537,29,0.2463
FarS,sRNA,NC_002505,-,2266017,2266134,VC1043,CDS_UTRS,NC_002505,-,1111380,1112947,668,0,true,1.984676495733777e-223,6.479883943335922e-223,7.265413398853265,0.08132246383393836,0.2879009436635474,29,0.2275,29,0.238
VCA0545,CDS_UTRS,NC_002506,+,481778,483920,VSsrna24,sRNA,NC_002505,+,106481,106537,666,0,true,2.0059506017803205e-136,5.321341179722794e-136,4.3313173971124135,0.0001438568584344062,0.0013227813568236864,28,0.2387,29,0.2312
VC2095,CDS_UTRS,NC_002505,-,2255954,2257854,Vcr017,sRNA,NC_002505,-,350275,350367,662,0,true,0.0,0.0,99.45835973876979,0.9999819883375691,1.0,29,0.2356,28,0.2356
VC0244,CDS_UTRS,NC_002505,+,250455,251558,VqmR,sRNA,NC_002506,+,1031438,1031588,654,0,true,0.0,0.0,190.45081947061956,0.27225121035492195,0.6047954806629834,29,0.2294,29,0.2278
VC1492,CDS_UTRS,NC_002505,-,1597545,1602516,Vcr001,sRNA,NC_002505,+,21901,21941,635,0,true,0.0,0.0,23.65424021939366,0.0002856642449376475,0.0023412047900324587,29,0.2535,29,0.2173
VC2467,CDS_UTRS,NC_002505,-,2649174,2649946,Vcr001,sRNA,NC_002505,+,21901,21941,633,0,true,0.0,0.0,23.13946677688049,0.012884687537840452,0.07473118771947462,29,0.2164,29,0.2164
VSsrna24,sRNA,NC_002505,+,106481,106537,VqmR,sRNA,NC_002506,+,1031438,1031588,621,0,true,1.0,1.0,0.6217512576018386,1.0,1.0,29,0.2271,29,0.2448
VC0243,CDS_UTRS,NC_002505,+,249323,250444,Vcr001,sRNA,NC_002505,+,21901,21941,608,0,true,3.085595648270334e-116,7.910721729122603e-116,3.579832662902767,0.08171193891777075,0.2879009436635474,28,0.2401,28,0.2204
Vcr229,sRNA,NC_002506,+,897527,897726,CarZ,sRNA,NC_002505,-,2553978,2554044,608,0,true,0.0,0.0,37.4471336511282,9.378859566292106e-9,1.8609631876274336e-7,29,0.2352,29,0.2253
fliD,CDS_UTRS,NC_002505,-,2293738,2295738,Vcr001,sRNA,NC_002505,+,21901,21941,607,0,true,0.0,0.0,23.967170963883408,1.0604366367267481e-10,3.3315384337165338e-9,28,0.2422,29,0.2372
FarS,sRNA,NC_002505,-,2266017,2266134,rplQ,CDS_UTRS,NC_002505,-,2750912,2751498,607,0,true,2.9033130957898536e-230,9.72864563676951e-230,9.032174860505757,0.04459151090039576,0.19103408647101366,29,0.2718,29,0.2306
Vcr222,sRNA,NC_002505,-,2783840,2783908,Vcr001,sRNA,NC_002505,+,21901,21941,582,0,true,1.0,1.0,0.032360848852041144,0.7384297317160513,0.9994013261648745,29,0.3196,28,0.2234
VC0533,CDS_UTRS,NC_002505,+,563723,564695,Vcr043,sRNA,NC_002505,+,1114590,1114749,575,0,true,0.0,0.0,64.45826876155887,0.5489371046182638,0.9022439385959993,29,0.2504,29,0.2435
VC0731,CDS_UTRS,NC_002505,-,786499,787489,Vcr043,sRNA,NC_002505,+,1114590,1114749,572,0,true,0.0,0.0,636.4429916195223,0.2221955249216119,0.5511033743121558,28,0.257,28,0.2028
aphA,CDS_UTRS,NC_002505,+,2821322,2822240,VSsrna24,sRNA,NC_002505,+,106481,106537,560,0,true,2.8288954059275095e-60,6.92716695554044e-60,2.584010628866796,0.992593136686091,1.0,29,0.2375,28,0.2446
VC0298,CDS_UTRS,NC_002505,-,304932,307171,Vcr001,sRNA,NC_002505,+,21901,21941,559,0,true,0.0,0.0,34.965371979638746,0.3791459057502399,0.7212084653465348,29,0.2469,29,0.2415
Vcr017,sRNA,NC_002505,-,350275,350367,VC0247,CDS_UTRS,NC_002505,+,253651,254466,559,0,true,0.0,0.0,108.37149000271033,0.999999718667578,1.0,29,0.2719,29,0.2397
VC0553,CDS_UTRS,NC_002505,+,586646,587107,Vcr017,sRNA,NC_002505,-,350275,350367,555,0,true,0.0,0.0,86.29281348036307,0.7334805664758848,0.9994013261648745,29,0.2793,29,0.2505
VSsrna24,sRNA,NC_002505,+,106481,106537,OppZ,sRNA,NC_002505,+,1164273,1164325,555,0,true,1.0,1.0,0.04733419000510871,1.2225488865640289e-11,4.190008456678535e-10,29,0.2216,29,0.2162
VC0604,CDS_UTRS,NC_002505,+,633758,636564,Vcr001,sRNA,NC_002505,+,21901,21941,550,0,true,0.0,0.0,24.308638202214937,0.02450542931807042,0.1301203782100359,29,0.2255,29,0.2491
MicX,sRNA,NC_002506,-,893273,893616,Vcr214,sRNA,NC_002505,+,2376028,2376142,550,1,true,1.1654707763480368e-224,3.838015832456466e-224,6.462927507236063,0.009179426187714163,0.05493085194870221,28,0.2127,29,0.1982
MicX,sRNA,NC_002506,-,893273,893616,VCA0689,CDS_UTRS,NC_002506,-,627699,628074,547,0,true,0.0,0.0,30.720954042480145,0.09905510027729189,0.3164726508859241,29,0.2267,29,0.2066
VC0137,CDS_UTRS,NC_002505,+,131385,132811,VSsrna24,sRNA,NC_002505,+,106481,106537,535,0,true,1.5213619326804157e-216,4.883699649444696e-216,13.209413859617511,0.842776140645601,1.0,29,0.2262,29,0.2037
VCA0156,CDS_UTRS,NC_002506,-,172609,172962,Vcr017,sRNA,NC_002505,-,350275,350367,532,0,true,0.0,0.0,85.3617509336589,0.06300752543577846,0.23753837089288482,29,0.2368,29,0.2632
FarS,sRNA,NC_002505,-,2266017,2266134,VrrA,sRNA,NC_002505,+,1878684,1878823,529,0,true,1.0,1.0,0.30644262595931565,0.25201210040857824,0.5938035115877125,29,0.2401,29,0.225
VC2677,CDS_UTRS,NC_002505,-,2843953,2845198,Vcr001,sRNA,NC_002505,+,21901,21941,526,0,true,1.13676086e-316,4.57097525e-316,26.19444435809257,0.18265925589653673,0.48838680477300955,29,0.2243,29,0.2129
VqmR,sRNA,NC_002506,+,1031438,1031588,Vcr001,sRNA,NC_002505,+,21901,21941,517,0,true,0.00516167807788098,0.010432598019844098,1.1347735700928634,0.9975856785555317,1.0,29,0.2592,29,0.2263
Vcr229,sRNA,NC_002506,+,897527,897726,VqmR,sRNA,NC_002506,+,1031438,1031588,511,0,true,0.2874887606642061,0.34426553784867314,1.0269993995700721,0.00021743304405587416,0.0018630058547514673,29,0.2329,29,0.1977
CsrB,sRNA,NC_002505,-,196519,196932,VrrA,sRNA,NC_002505,+,1878684,1878823,502,0,true,0.0,0.0,319.75693380193707,3.735422547732084e-7,5.6330172019799825e-6,29,0.243,28,0.243
VC0655,CDS_UTRS,NC_002505,+,700105,700711,Vcr017,sRNA,NC_002505,-,350275,350367,498,0,true,0.0,0.0,92.82671613757016,0.028063913673861404,0.14120221251285825,29,0.259,29,0.2309
VC0112,CDS_UTRS,NC_002505,+,107209,108166,Vcr001,sRNA,NC_002505,+,21901,21941,485,0,true,1.0223718994003781e-286,3.9054606557094443e-286,24.343743082624744,0.025033127847935648,0.13107623887044081,29,0.2845,29,0.233
VC1442,CDS_UTRS,NC_002505,-,1538127,1539760,Vcr017,sRNA,NC_002505,-,350275,350367,479,0,true,9.632895143883152e-248,3.31510445492195e-247,9.457207846437996,0.9999999736912903,1.0,29,0.2484,29,0.2463
gltD_2,CDS_UTRS,NC_002505,+,2542134,2543642,Vcr001,sRNA,NC_002505,+,21901,21941,479,0,true,7.206707623115528e-278,2.6727789437185744e-277,22.682824813893248,0.00015608138250494812,0.0013684344466131499,29,0.2171,29,0.2276
OppZ,sRNA,NC_002505,+,1164273,1164325,Vcr222,sRNA,NC_002505,-,2783840,2783908,477,0,true,0.998635342838706,1.0,0.8711499938813225,1.709394284909925e-25,1.2888832908220835e-23,29,0.2621,29,0.2243
FarS,sRNA,NC_002505,-,2266017,2266134,VqmR,sRNA,NC_002506,+,1031438,1031588,467,0,true,1.0,1.0,0.23970935394492873,0.9166936261736759,1.0,28,0.212,28,0.2056
VC2086,CDS_UTRS,NC_002505,-,2245324,2246621,FarS,sRNA,NC_002505,-,2266017,2266134,467,0,true,4.3211477148643786e-24,1.006511236023288e-23,1.7084583357717267,0.5504405991434478,0.9022439385959993,29,0.227,28,0.2334
VC0533,CDS_UTRS,NC_002505,+,563723,564695,Qrr3,sRNA,NC_002506,+,772258,772365,464,0,true,0.0,0.0,37.97390200301794,0.016283921615493767,0.09027997719178162,29,0.2263,29,0.2328
oppA,CDS_UTRS,NC_002505,+,1158468,1160373,Vcr220,sRNA,NC_002505,+,2653872,2654007,449,0,true,0.0,0.0,666.6897935950163,0.31772490683611687,0.6581444498748136,29,0.2316,29,0.2294
VC2669,CDS_UTRS,NC_002505,-,2836660,2837210,Vcr017,sRNA,NC_002505,-,350275,350367,448,0,true,0.0,0.0,90.26055615427977,0.2771638250360441,0.6047954806629834,29,0.2366,28,0.2321
VC1442,CDS_UTRS,NC_002505,-,1538127,1539760,Vcr001,sRNA,NC_002505,+,21901,21941,444,0,true,2.2354461854112675e-53,5.439111100809581e-53,2.563771139712287,0.9851539498778995,1.0,29,0.2365,29,0.241
CarZ,sRNA,NC_002505,-,2553978,2554044,Vcr001,sRNA,NC_002505,+,21901,21941,443,0,true,4.262645624527388e-101,1.0712701503746461e-100,4.181081788946716,0.00014882213891076487,0.0013358558659371036,30,0.3454,29,0.2641
VSsrna24,sRNA,NC_002505,+,106481,106537,VadR,sRNA,NC_002506,+,3202,3285,439,0,true,1.0,1.0,0.3514299048103093,0.9999969149625143,1.0,29,0.2301,28,0.1936
CsrD,sRNA,NC_002506,-,783782,784129,VSsrna24,sRNA,NC_002505,+,106481,106537,438,0,true,2.576835000191589e-179,7.571930539024516e-179,13.55321784591124,3.2650375738476825e-20,1.7584559504865373e-18,29,0.2397,29,0.226
VCA0892,CDS_UTRS,NC_002506,-,844999,845505,Vcr043,sRNA,NC_002505,+,1114590,1114749,437,0,true,0.0,0.0,629.5002899565451,0.32921197583183526,0.6722009735449734,28,0.2334,29,0.2357
pyrH,CDS_UTRS,NC_002505,-,2413472,2414323,Vcr017,sRNA,NC_002505,-,350275,350367,437,0,true,0.0,0.0,101.78626374401335,0.20477788605191086,0.5246271275167786,29,0.2471,28,0.2197
Vcr017,sRNA,NC_002505,-,350275,350367,VCA0278,CDS_UTRS,NC_002506,-,296306,297813,434,0,true,0.0,0.0,170.1230644988198,0.9971019715499714,1.0,29,0.2581,29,0.2373
MicX,sRNA,NC_002506,-,893273,893616,VSsrna24,sRNA,NC_002505,+,106481,106537,434,0,true,1.0,1.0,0.09048971842216451,0.5568694580971344,0.9044663732965851,28,0.2465,29,0.2581
VSsrna24,sRNA,NC_002505,+,106481,106537,Vcr017,sRNA,NC_002505,-,350275,350367,433,0,true,1.0,1.0,0.16947019421292198,0.9999997800650048,1.0,29,0.2148,29,0.2333
VC0249,CDS_UTRS,NC_002505,+,254753,256168,VqmR,sRNA,NC_002506,+,1031438,1031588,431,0,true,0.0,0.0,206.93488064830117,0.286201744887991,0.6047954806629834,29,0.2784,28,0.2274
VC0403,CDS_UTRS,NC_002505,+,429391,430236,Vcr001,sRNA,NC_002505,+,21901,21941,425,0,true,1.1094874712043873e-257,3.8882955412851e-257,26.81404543895189,5.05856751426291e-5,0.0004779835039995149,28,0.2165,29,0.2071
VC0247,CDS_UTRS,NC_002505,+,253651,254466,Vcr017,sRNA,NC_002505,-,350275,350367,421,0,true,0.0,0.0,42.79471965977001,0.9988271656203164,1.0,29,0.2375,29,0.2328
Vcr083,sRNA,NC_002505,+,2472404,2472599,Spot42,sRNA,NC_002505,+,106076,106185,417,0,true,0.0,0.0,632.7205521095424,0.9979978797780881,1.0,29,0.2614,29,0.2374
VC0079,CDS_UTRS,NC_002505,+,77366,77792,Vcr017,sRNA,NC_002505,-,350275,350367,408,0,true,0.0,0.0,88.5064692363492,0.6461874216402101,0.9783640881861816,28,0.201,29,0.2132
grxA,CDS_UTRS,NC_002505,-,1217146,1217709,OppZ,sRNA,NC_002505,+,1164273,1164325,404,0,true,1.1231412308012546e-198,3.488129676146985e-198,18.783561876103548,0.7210133134772625,0.9994013261648745,29,0.2574,29,0.255
dnaA,CDS_UTRS,NC_002505,+,7197,8844,Vcr214,sRNA,NC_002505,+,2376028,2376142,402,0,true,0.0,0.0,837.1074241905027,0.9262570351820945,1.0,29,0.2662,29,0.291
VSsrna24,sRNA,NC_002505,+,106481,106537,Vcr043,sRNA,NC_002505,+,1114590,1114749,401,0,true,0.005345221014787488,0.010736199762465315,1.1496897620605875,0.9999998604303354,1.0,29,0.2195,29,0.1995
VC0243,CDS_UTRS,NC_002505,+,249323,250444,Vcr017,sRNA,NC_002505,-,350275,350367,401,0,true,1.0045887719721933e-159,2.8011161379078673e-159,6.411352381717443,0.13691101408304013,0.41292361847444903,28,0.2444,29,0.2469
FarS,sRNA,NC_002505,-,2266017,2266134,Vcr017,sRNA,NC_002505,-,350275,350367,396,0,true,1.0,1.0,0.0807395918271438,0.4304451189990215,0.7784231981132075,29,0.2525,29,0.2449
VCA0172,CDS_UTRS,NC_002506,-,189226,190182,Vcr214,sRNA,NC_002505,+,2376028,2376142,395,0,true,0.0,0.0,820.1542830295579,0.9735304930907349,1.0,29,0.2253,28,0.2101
VC1354:VC1350,IGR,NC_002505,-,1441390,1444611,Vcr001,sRNA,NC_002505,+,21901,21941,391,0,true,2.798684063971144e-245,9.545511718187294e-245,30.988108591848604,0.2697195741408937,0.6047954806629834,29,0.2251,29,0.1969
VC0036,CDS_UTRS,NC_002505,-,34311,35935,Vcr001,sRNA,NC_002505,+,21901,21941,386,0,true,1.7721729498668948e-234,5.990885547337644e-234,26.947177201048042,0.0038371735419133195,0.027068171387768826,29,0.2254,29,0.228
VC2529,CDS_UTRS,NC_002505,+,2711883,2713373,Vcr001,sRNA,NC_002505,+,21901,21941,382,0,true,1.7967236428586082e-229,5.968247231060768e-229,25.746559146555242,0.01502791360987966,0.08584126410491866,29,0.2304,29,0.2565
Vcr229,sRNA,NC_002506,+,897527,897726,Vcr017,sRNA,NC_002505,-,350275,350367,382,0,true,1.0,1.0,0.3032898935385564,2.2640419843860135e-8,3.711060122232726e-7,29,0.2644,29,0.2565
Vcr067,sRNA,NC_002505,+,1801887,1802121,Vcr214,sRNA,NC_002505,+,2376028,2376142,378,0,true,0.0,0.0,699.8476939952433,0.03758731677730118,0.17280998079320176,29,0.2619,28,0.2196
FarS,sRNA,NC_002505,-,2266017,2266134,Vcr043,sRNA,NC_002505,+,1114590,1114749,374,0,true,1.0,1.0,0.557521277278414,0.9999999855023305,1.0,29,0.2567,29,0.2166
VC2059,CDS_UTRS,NC_002505,-,2214137,2214661,VSsrna24,sRNA,NC_002505,+,106481,106537,366,0,true,1.3646859306542203e-62,3.3632904871607235e-62,3.5911720493602886,0.0003557283048251762,0.0028533951259381153,29,0.2541,29,0.2623
VC2217,CDS_UTRS,NC_002505,-,2371285,2374336,Vcr017,sRNA,NC_002505,-,350275,350367,362,0,true,0.0,0.0,92.99412768430635,0.9785312346643735,1.0,29,0.2486,29,0.2541
VSsrna24,sRNA,NC_002505,+,106481,106537,VrrA,sRNA,NC_002505,+,1878684,1878823,361,0,true,1.0,1.0,0.3897177274630195,0.9987372028042532,1.0,29,0.2161,29,0.2299
Vcr017,sRNA,NC_002505,-,350275,350367,VrrA,sRNA,NC_002505,+,1878684,1878823,360,0,true,1.3064374561352529e-14,2.9705899300218247e-14,1.5593258716249347,1.0,1.0,29,0.2528,29,0.2444
recR,CDS_UTRS,NC_002505,+,1125183,1125985,OppZ,sRNA,NC_002505,+,1164273,1164325,360,0,true,1.7237918986846333e-184,5.184948860610472e-184,21.678394530190225,1.4358108777249384e-10,4.163851545402322e-9,29,0.2611,29,0.2056
FarS,sRNA,NC_002505,-,2266017,2266134,VadR,sRNA,NC_002506,+,3202,3285,358,0,true,1.0,1.0,0.14873963590106665,0.9748994083400645,1.0,29,0.2486,29,0.2402
Vcr228,sRNA,NC_002506,+,787266,787431,Vcr229,sRNA,NC_002506,+,897527,897726,350,0,true,2.482685987e-315,9.77717574e-315,28.1633073774248,1.2675508241994137e-8,2.389333303615895e-7,30,0.26,29,0.2914
VC1722,CDS_UTRS,NC_002505,+,1860843,1861477,VqmR,sRNA,NC_002506,+,1031438,1031588,343,0,true,0.0,0.0,243.45410542038627,0.14197563517377154,0.418162612972749,29,0.2391,29,0.2041
Vcr017,sRNA,NC_002505,-,350275,350367,VCA0919,CDS_UTRS,NC_002506,+,871122,871725,339,0,true,0.0,0.0,52.82963351141099,0.8028665021279972,1.0,29,0.2684,29,0.2743
Vcr017,sRNA,NC_002505,-,350275,350367,VqmR,sRNA,NC_002506,+,1031438,1031588,335,0,true,6.250631002260472e-6,1.3801971346031795e-5,1.292881571923255,0.9673924618034673,1.0,29,0.2269,29,0.2119
ilvH,CDS_UTRS,NC_002505,-,2661261,2661955,Vcr001,sRNA,NC_002505,+,21901,21941,335,0,true,2.7992860378431676e-202,8.91106055380075e-202,26.173244145291328,0.05991768910285729,0.23329064646464662,29,0.2746,29,0.2896
VCA0691,CDS_UTRS,NC_002506,-,629322,630262,Vcr001,sRNA,NC_002505,+,21901,21941,333,0,true,1.8907582812650502e-201,5.969170772258258e-201,26.367822778424326,0.9572845007839086,1.0,30,0.2643,29,0.2733
Vcr036,sRNA,NC_002505,-,840378,840471,GcvB,sRNA,NC_002505,-,954718,954922,330,0,true,0.0,0.0,87.46984826577004,4.329438666182292e-9,9.067768761948466e-8,28,0.2545,28,0.2576
VC2767,CDS_UTRS,NC_002505,-,2954030,2954563,Vcr001,sRNA,NC_002505,+,21901,21941,330,0,true,3.832645193604618e-192,1.1712563711655714e-191,22.74700911748902,3.772252812912428e-5,0.0003843619758021582,29,0.2879,29,0.2939
VC0480,CDS_UTRS,NC_002505,+,510777,511840,Vcr017,sRNA,NC_002505,-,350275,350367,327,0,true,0.0,0.0,110.35889446280021,0.880560331809493,1.0,29,0.2385,29,0.208
VC0972,CDS_UTRS,NC_002505,+,1037691,1038978,VrrA,sRNA,NC_002505,+,1878684,1878823,325,0,true,6.660885035352105e-21,1.5328060744003038e-20,1.7895492230586296,0.5061337808133028,0.8634046849168107,29,0.2523,28,0.2154
sdhA,CDS_UTRS,NC_002505,-,2250274,2252040,Vcr001,sRNA,NC_002505,+,21901,21941,325,0,true,1.8119612395598003e-197,5.582009625095514e-197,26.818632230315988,0.3369178754668517,0.6722009735449734,29,0.2954,29,0.2585
Vcr222,sRNA,NC_002505,-,2783840,2783908,FarS,sRNA,NC_002505,-,2266017,2266134,325,0,true,1.0,1.0,0.0373768988357099,0.9949475434843715,1.0,29,0.2492,29,0.2215
VCA0059,CDS_UTRS,NC_002506,-,66326,66974,Vcr065,sRNA,NC_002505,+,1617123,1617248,324,0,true,0.0,0.0,466.57367477640787,0.9999539634477327,1.0,28,0.2377,28,0.2407
VCA0545,CDS_UTRS,NC_002506,+,481778,483920,Vcr001,sRNA,NC_002505,+,21901,21941,323,0,true,8.269280140319216e-28,1.93795399607481e-27,2.1312737707958966,0.003877138607266622,0.027068171387768826,29,0.2446,28,0.2043
FarS,sRNA,NC_002505,-,2266017,2266134,Vcr096,sRNA,NC_002506,-,243936,243986,322,0,true,1.0,1.0,0.5861649704835576,1.1748122761184588e-6,1.6403860299876258e-5,30,0.236,30,0.2764
CarZ,sRNA,NC_002505,-,2553978,2554044,VSsrna24,sRNA,NC_002505,+,106481,106537,320,0,true,1.1673610864409753e-9,2.6231290295320737e-9,1.512661071180454,0.9999923207930731,1.0,29,0.2531,28,0.2344
Vcr229,sRNA,NC_002506,+,897527,897726,Vcr001,sRNA,NC_002505,+,21901,21941,316,0,true,1.0,1.0,0.07548737673514565,0.0016226160073307485,0.011994632054190043,28,0.2184,29,0.2563
VC1532,CDS_UTRS,NC_002505,-,1644472,1645661,VSsrna24,sRNA,NC_002505,+,106481,106537,316,0,true,8.123624903031724e-129,2.125496378738437e-128,13.25499759431844,0.38946109066216705,0.7232848826583103,29,0.2373,29,0.2563
sucA,CDS_UTRS,NC_002505,-,2246650,2249504,VqmR,sRNA,NC_002506,+,1031438,1031588,315,0,true,1.3917916564198827e-187,4.2195588313682154e-187,10.56731687487683,0.20037736643334111,0.5209811527266869,28,0.2222,29,0.2159
VcdRP,sRNA,NC_002505,-,2433387,2433692,VSsrna24,sRNA,NC_002505,+,106481,106537,312,0,true,0.9999999997929638,1.0,0.6901177767684851,0.9996822139748234,1.0,29,0.2885,29,0.2276
OppZ,sRNA,NC_002505,+,1164273,1164325,VSsrna24,sRNA,NC_002505,+,106481,106537,312,0,true,1.0,1.0,0.06756256488005964,3.995366866629022e-10,1.0041688724794276e-8,29,0.2372,28,0.2244
Vcr017,sRNA,NC_002505,-,350275,350367,VC2469,CDS_UTRS,NC_002505,+,2650006,2652058,311,0,true,4.496136459551138e-287,1.734872856109631e-286,29.66734988675586,0.9999939056175823,1.0,30,0.2058,29,0.2251
Vcr222,sRNA,NC_002505,-,2783840,2783908,VSsrna24,sRNA,NC_002505,+,106481,106537,311,0,true,1.0,1.0,0.010036799217609775,0.9927654370921958,1.0,30,0.2476,28,0.2219
VC1873,CDS_UTRS,NC_002505,+,2016962,2018305,Vcr017,sRNA,NC_002505,-,350275,350367,301,0,true,0.0,0.0,105.15435405518234,0.9899084508278302,1.0,29,0.2193,29,0.2458
VC0251,CDS_UTRS,NC_002505,+,257292,259804,Vcr001,sRNA,NC_002505,+,21901,21941,300,0,true,3.976610344872043e-184,1.1867696497977504e-183,27.88907457873638,0.1495076731966153,0.4369332774815811,29,0.22,28,0.22
VC0637,CDS_UTRS,NC_002505,+,678073,680092,Vcr001,sRNA,NC_002505,+,21901,21941,297,0,true,2.1596486770787963e-173,6.249892383667426e-173,22.885561251531293,0.09592692237785547,0.3117624977280303,28,0.2391,28,0.2492
VCA0446,CDS_UTRS,NC_002506,+,399889,400318,Vcr001,sRNA,NC_002505,+,21901,21941,297,0,true,8.965151245505992e-173,2.5749532148746534e-172,22.588287616668595,0.7917545264559889,1.0,29,0.2963,29,0.2492
VC1620,CDS_UTRS,NC_002505,-,1732696,1741567,Vcr017,sRNA,NC_002505,-,350275,350367,296,0,true,8.15055e-319,3.347863e-318,94.76772568628995,0.9998893475863317,1.0,29,0.2804,29,0.2703
VC0533,CDS_UTRS,NC_002505,+,563723,564695,Qrr1,sRNA,NC_002505,-,1089964,1090058,295,0,true,0.0,0.0,1250.962993223643,0.986030786022928,1.0,29,0.2542,29,0.2373
Vcr216,sRNA,NC_002505,-,2518785,2518934,GcvB,sRNA,NC_002505,-,954718,954922,294,0,true,0.0,0.0,1222.4963324426476,2.1604689543700088e-5,0.0002468172108477252,29,0.2721,29,0.2585
glgA,CDS_UTRS,NC_002505,-,1863784,1865331,Vcr001,sRNA,NC_002505,+,21901,21941,294,0,true,1.305925341439564e-179,3.867158763022585e-179,27.3287682457038,0.037280727414528717,0.17280998079320176,29,0.2347,28,0.1973
VC0550,CDS_UTRS,NC_002505,+,582646,584439,Vcr017,sRNA,NC_002505,-,350275,350367,293,0,true,2.114876e-317,8.5944967e-317,98.7316883160836,0.9361106668114942,1.0,29,0.2526,29,0.2253
VC0440,CDS_UTRS,NC_002505,+,469805,470502,Vcr017,sRNA,NC_002505,-,350275,350367,291,0,true,1.76907077e-316,7.03942746e-316,101.61472233020402,0.28628325319200126,0.6047954806629834,29,0.2234,29,0.2302
VC0573,CDS_UTRS,NC_002505,+,604056,604812,Vcr017,sRNA,NC_002505,-,350275,350367,290,0,true,0.5520762649237805,0.6429668695148907,0.9933911955169705,0.04288675818530798,0.18584261880300124,29,0.2828,29,0.2241
VC1898,CDS_UTRS,NC_002505,+,2044294,2046597,VCA0689,CDS_UTRS,NC_002506,-,627699,628074,289,0,true,0.0,0.0,80.07960269551307,0.7175272650071793,0.9994013261648745,29,0.2491,28,0.1869
sucA,CDS_UTRS,NC_002505,-,2246650,2249504,Spot42,sRNA,NC_002505,+,106076,106185,289,0,true,6.95496545154888e-265,2.459997039344141e-264,23.830823429442997,0.06531636380541991,0.2438046450954783,28,0.2734,29,0.2422
VC1150,CDS_UTRS,NC_002505,-,1222020,1222677,Vcr001,sRNA,NC_002505,+,21901,21941,288,0,true,3.7347028184741294e-177,1.0890507455397843e-176,28.107211966771544,0.0077530387054663644,0.047143477289690636,29,0.2326,29,0.2014
VC0329,CDS_UTRS,NC_002505,+,344452,348909,Vcr017,sRNA,NC_002505,-,350275,350367,285,0,true,6.815801678004685e-304,2.6567716744875404e-303,88.25807430742505,0.9974160497602211,1.0,29,0.214,29,0.1965
VC2043,CDS_UTRS,NC_002505,-,2200578,2202563,Vcr001,sRNA,NC_002505,+,21901,21941,282,0,true,1.3174236114363465e-170,3.75564044454242e-170,26.2084662297332,0.00025572816275133106,0.0021424337190500404,29,0.273,29,0.2766
VC0243,CDS_UTRS,NC_002505,+,249323,250444,VqmR,sRNA,NC_002506,+,1031438,1031588,281,0,true,2.992437556044603e-162,8.405229017713517e-162,9.99690096810459,0.007541093400692873,0.046606429705921534,29,0.2278,29,0.1922
VC1001,CDS_UTRS,NC_002505,+,1071882,1073169,Vcr001,sRNA,NC_002505,+,21901,21941,280,0,true,1.7087878997567198e-166,4.8352368719041996e-166,24.467996509563584,2.461187084730061e-5,0.0002577409808175647,29,0.2464,29,0.2786
MicX,sRNA,NC_002506,-,893273,893616,VC1247,CDS_UTRS,NC_002505,-,1318714,1319222,280,0,true,0.0,0.0,96.96611200177352,0.5392847298914292,0.8917120314432841,29,0.2536,29,0.2429
VC1497,CDS_UTRS,NC_002505,-,1608526,1609202,Vcr043,sRNA,NC_002505,+,1114590,1114749,277,0,true,0.0,0.0,481.6019831175589,0.00423660172505834,0.02852140804191061,29,0.2563,29,0.2383
VC2731,CDS_UTRS,NC_002505,-,2902428,2903668,Vcr214,sRNA,NC_002505,+,2376028,2376142,276,0,true,0.0,0.0,942.5794177758635,0.05393705121201002,0.21864804631105136,29,0.2355,29,0.2464
VC0031,CDS_UTRS,NC_002505,-,27889,29719,GcvB,sRNA,NC_002505,-,954718,954922,274,0,true,0.0,0.0,1401.464752482165,0.558993806307969,0.9044663732965851,29,0.2372,29,0.2445
Vcr043,sRNA,NC_002505,+,1114590,1114749,VSsrna24,sRNA,NC_002505,+,106481,106537,274,0,true,3.0619412052628765e-7,6.840125967312391e-7,1.448737428116439,0.9999999961121231,1.0,29,0.2336,28,0.2372
VcdRP,sRNA,NC_002505,-,2433387,2433692,FarS,sRNA,NC_002505,-,2266017,2266134,272,0,true,2.9827956245083505e-22,6.905623809467817e-22,1.9910682718918606,0.17700037258675383,0.4800657587424906,29,0.239,29,0.2721
QrrX,sRNA,NC_002506,-,776823,776968,Qrr4,sRNA,NC_002506,-,908201,908306,272,0,true,0.0,0.0,671.0751109357411,0.0007434767381075186,0.005605814605330691,29,0.261,28,0.2243
FarS,sRNA,NC_002505,-,2266017,2266134,Vcr064,sRNA,NC_002505,-,1595729,1595803,272,0,true,1.7085085625532318e-136,4.563987908358982e-136,17.438087005264716,1.1357153941952078e-7,1.784019598381639e-6,29,0.25,29,0.2132
VC0611,CDS_UTRS,NC_002505,-,642814,644287,VSsrna24,sRNA,NC_002505,+,106481,106537,270,0,true,5.741131562623905e-118,1.4818326060286025e-117,16.11802161688481,0.4077466878267009,0.7535318691699326,29,0.2333,29,0.263
VqmR,sRNA,NC_002506,+,1031438,1031588,VrrA,sRNA,NC_002505,+,1878684,1878823,269,0,true,2.620381203364725e-89,6.542389671145915e-89,4.838399786123362,0.9999999995320865,1.0,29,0.2565,28,0.2268
VC1193,CDS_UTRS,NC_002505,-,1266253,1266663,VSsrna24,sRNA,NC_002505,+,106481,106537,267,0,true,5.873160570303508e-108,1.4956982252372936e-107,12.881243985492674,0.9625873344727325,1.0,28,0.2285,29,0.1835
FarS,sRNA,NC_002505,-,2266017,2266134,VcdRP,sRNA,NC_002505,-,2433387,2433692,266,0,true,7.938470568409437e-42,1.8953098482077534e-41,3.1129062141280746,0.26395975296319174,0.6047954806629834,28,0.2293,29,0.2143
VC1856,CDS_UTRS,NC_002505,+,1996384,1997163,VSsrna24,sRNA,NC_002505,+,106481,106537,265,0,true,1.1229616200776222e-119,2.918172373262937e-119,17.948540218119543,0.4617308269923195,0.8172418862727908,29,0.2604,30,0.234
aphA,CDS_UTRS,NC_002505,+,2821322,2822240,Qrr3,sRNA,NC_002506,+,772258,772365,263,0,true,4.3150596967174366e-256,1.4985025492236915e-255,27.725301945962897,0.997853197584368,1.0,29,0.27,30,0.2433
VC0038,CDS_UTRS,NC_002505,-,36479,36894,MicV,sRNA,NC_002505,-,2812095,2812162,261,0,true,0.0,0.0,35290.83623874339,0.9961979846838428,1.0,29,0.2682,29,0.2261
pntB,CDS_UTRS,NC_002506,+,501777,503203,Vcr017,sRNA,NC_002505,-,350275,350367,258,0,true,5.0491076377997966e-276,1.8369134453709737e-275,89.95670435909193,0.8755471201173728,1.0,29,0.2946,28,0.2403
VC1442,CDS_UTRS,NC_002505,-,1538127,1539760,VadR,sRNA,NC_002506,+,3202,3285,257,0,true,1.578318153724523e-130,4.158051963605295e-130,8.27565248028139,0.18253147424207172,0.48838680477300955,28,0.2218,29,0.2296
VC0554,CDS_UTRS,NC_002505,+,587114,590028,Vcr017,sRNA,NC_002505,-,350275,350367,257,0,true,9.055420261352534e-278,3.326125519073719e-277,96.63260230754464,0.9994860162143206,1.0,29,0.2218,28,0.2451
rumA,CDS_UTRS,NC_002505,-,2633072,2634625,Vcr017,sRNA,NC_002505,-,350275,350367,255,0,true,3.587171316739934e-279,1.3434308264653479e-278,106.29395642936373,0.9033435972080848,1.0,28,0.2471,29,0.251
VC2060,CDS_UTRS,NC_002505,-,2214670,2215686,Vcr001,sRNA,NC_002505,+,21901,21941,253,0,true,3.685713568663949e-147,9.985408391699494e-147,22.434296332641832,0.09802379036966063,0.3158544356355732,29,0.2213,28,0.2095
VC1866,CDS_UTRS,NC_002505,+,2006822,2009298,Vcr017,sRNA,NC_002505,-,350275,350367,253,0,true,4.432913957841382e-267,1.5825917120517832e-266,82.21343174683251,0.99378739098298,1.0,29,0.2569,28,0.2134
VC1929,CDS_UTRS,NC_002505,-,2081087,2082201,Vcr017,sRNA,NC_002505,-,350275,350367,252,0,true,2.8481809558563093e-267,1.0264199293746323e-266,84.7582978855609,0.999640414956678,1.0,28,0.2341,29,0.2421
VCA0277,CDS_UTRS,NC_002506,-,295818,296269,Vcr001,sRNA,NC_002505,+,21901,21941,249,0,true,2.9382905592375233e-149,8.017335668776672e-149,25.124039910468586,7.292947270841313e-10,1.7184007006919845e-8,29,0.241,29,0.1928
Qrr2,sRNA,NC_002506,+,48449,48555,aphA,CDS_UTRS,NC_002505,+,2821322,2822240,248,0,true,0.0,0.0,677.6678923545668,4.823845918172574e-5,0.0004779835039995149,29,0.2258,29,0.2097
Vcr017,sRNA,NC_002505,-,350275,350367,VC1434,CDS_UTRS,NC_002505,-,1531716,1532513,247,0,true,0.0,0.0,227.33024621062577,0.9331163824438866,1.0,29,0.1984,29,0.2227
VC2766,CDS_UTRS,NC_002505,-,2952453,2954046,Vcr001,sRNA,NC_002505,+,21901,21941,246,0,true,1.1474498928953818e-149,3.153423446662128e-149,26.659003467202467,0.02339354541558062,0.1259909517381985,29,0.2358,29,0.2195
VC1401,CDS_UTRS,NC_002505,-,1491209,1492285,Vcr001,sRNA,NC_002505,+,21901,21941,242,0,true,2.547092507647629e-137,6.852037590995735e-137,20.52226491415819,8.636108100136398e-6,0.00010502621786294911,29,0.2727,29,0.2107
VqmR,sRNA,NC_002506,+,1031438,1031588,VSsrna24,sRNA,NC_002505,+,106481,106537,241,0,true,1.0,1.0,0.2867260123484208,1.0,1.0,29,0.249,29,0.2739
Vcr017,sRNA,NC_002505,-,350275,350367,Vcr214,sRNA,NC_002505,+,2376028,2376142,240,0,true,1.0858855102623794e-51,2.6253687653179046e-51,3.3228855108014494,0.9999865944280935,1.0,29,0.2458,29,0.2333
sucC,CDS_UTRS,NC_002505,-,2244073,2245323,Vcr043,sRNA,NC_002505,+,1114590,1114749,234,0,true,0.0,0.0,505.18031938907495,0.058786134274583714,0.23328813285808483,28,0.2222,29,0.2222
VC2059,CDS_UTRS,NC_002505,-,2214137,2214661,Vcr228,sRNA,NC_002506,+,787266,787431,230,0,true,0.0,0.0,115.53056177511256,0.16749233602317135,0.4689442898550726,30,0.2478,29,0.2348
VCA0322,CDS_UTRS,NC_002506,+,327218,328070,Vcr017,sRNA,NC_002505,-,350275,350367,202,0,true,2.3656920741627335e-223,7.658426884153934e-223,113.64982805503513,0.028090625831470473,0.14120221251285825,29,0.2673,29,0.2574
cyaA,CDS_UTRS,NC_002505,+,115853,118782,Qrr3,sRNA,NC_002506,+,772258,772365,187,0,true,1.7550222308635964e-284,6.637806853365285e-284,141.79639393912234,0.1972976500600283,0.516536208837713,29,0.3048,28,0.3155
Qrr2,sRNA,NC_002506,+,48449,48555,Qrr3,sRNA,NC_002506,+,772258,772365,141,4,true,1.2196612669082399e-151,3.376163796803968e-151,35.458986123302026,2.4203283411235773e-5,0.0002577409808175647,29,0.2837,30,0.5177
VCA0325:VCA0328,IGR,NC_002506,+,329323,329658,Vcr017,sRNA,NC_002505,-,350275,350367,102,0,true,1.0462194223266373e-105,2.6467272803230163e-105,69.37241159526558,0.7844567423222062,1.0,30,0.2647,29,0.3137
VCA0460,CDS_UTRS,NC_002506,+,410175,410793,VqmR,sRNA,NC_002506,+,1031438,1031588,48,0,true,2.6694177119632233e-65,6.6215426361685145e-65,122.87438636910602,0.1908706297742847,0.5032043875867506,29,0.3125,29,0.25
Vcr017,sRNA,NC_002505,-,350275,350367,VC0246,CDS_UTRS,NC_002505,+,252918,253712,35,0,true,1.5578363932749451e-49,3.7427264291259685e-49,246.94003578756838,0.5891228060517756,0.9215738501307859,29,0.2286,27,0.0857
VC0654,CDS_UTRS,NC_002505,+,699442,700169,Vcr017,sRNA,NC_002505,-,350275,350367,27,0,true,1.2305513482400092e-28,2.919693261041512e-28,64.0583162306651,0.24606849253254612,0.5869012704402516,29,0.3704,30,0.2593
Vcr017,sRNA,NC_002505,-,350275,350367,Vcr208,sRNA,NC_002505,-,1531675,1531755,19,0,true,4.813124393355504e-28,1.1349466162109892e-27,334.6981879361249,0.5553787780589339,0.9044663732965851,27,0.1579,29,0.2105
Vcr003,sRNA,NC_002505,-,34266,34365,Vcr001,sRNA,NC_002505,+,21901,21941,17,0,true,8.147623807015838e-11,1.8416522451361245e-10,19.829398379704564,0.020710888234999458,0.11315949079122893,30,0.1765,30,0.1765
VC0246,CDS_UTRS,NC_002505,+,252918,253712,Vcr017,sRNA,NC_002505,-,350275,350367,15,0,true,3.8219960576053804e-16,8.742529904223086e-16,56.91054946362852,0.9585258757222446,1.0,27,0.0667,30,0.2
Vcr029,sRNA,NC_002505,-,642729,642863,VSsrna24,sRNA,NC_002505,+,106481,106537,12,0,true,2.770591415559615e-5,6.0825627628952466e-5,8.432232688612345,0.5880172796438607,0.9215738501307859,30,0.1667,29,0.25
Vcr048,sRNA,NC_002505,-,1220257,1220321,Vcr001,sRNA,NC_002505,+,21901,21941,8,0,true,1.6510995133901592e-6,3.6669768262502375e-6,46.65136080230536,0.6897348529667617,0.9994013261648745,28,0.125,28,0.125
FarS,sRNA,NC_002505,-,2266017,2266134,VC2385,CDS_UTRS,NC_002505,+,2549642,2550613,4,0,true,0.34407573676466063,0.40580701410304887,1.4549714940823755,0.21744289681342158,0.5428872324414565,32,1.0,17,0.0
Vcr229,sRNA,NC_002506,+,897527,897726,VC2385,CDS_UTRS,NC_002505,+,2549642,2550613,4,0,true,0.01037469264204576,0.01952282063675606,5.560616661648174,0.07177619659627646,0.2652904521254532,28,0.0,17,0.0
Qrr3,sRNA,NC_002506,+,772258,772365,VC0583,CDS_UTRS,NC_002505,-,612366,613376,3,0,true,0.18574883232568715,0.23750608729776299,2.0356614039291068,0.16778608103229273,0.4689442898550726,34,0.0,18,0.0
Vcr001,sRNA,NC_002505,+,21901,21941,oppA,CDS_UTRS,NC_002505,+,1158468,1160373,3,0,true,0.9999995246411593,1.0,0.14862416514165674,0.36600543786960815,0.7212084653465348,36,0.0,18,0.0
Vcr222,sRNA,NC_002505,-,2783840,2783908,VC1375,CDS_UTRS,NC_002505,-,1468262,1469094,3,0,true,0.006554218688552213,0.012709195629578403,Inf,0.8774,1.0,32,0.6667,18,0.3333
VC2081,CDS_UTRS,NC_002505,-,2240473,2241656,VC0972,CDS_UTRS,NC_002505,+,1037691,1038978,2,0,true,0.001997248283813354,0.004238604691203895,74.84288934996604,0.1666949893913095,0.4689442898550726,17,0.0,32,0.5
FarS,sRNA,NC_002505,-,2266017,2266134,VCA0194,CDS_UTRS,NC_002506,-,210893,211968,2,0,true,0.030471971341096235,0.051278824018937276,Inf,0.20734600000000003,0.5246271275167786,31,1.0,17,0.0
VC0533,CDS_UTRS,NC_002505,+,563723,564695,Qrr2,sRNA,NC_002506,+,48449,48555,2,0,true,0.19066061561981446,0.23801423257114093,2.5211168899140395,0.6761257758949647,0.9994013261648745,32,1.0,24,1.5
VCA0330,CDS_UTRS,NC_002506,+,332290,333042,Vcr001,sRNA,NC_002505,+,21901,21941,2,0,true,0.021431445172718912,0.037727244497597345,Inf,0.09244963791830864,0.31095615652173914,22,0.0,30,0.0
VCA0433,CDS_UTRS,NC_002506,+,392439,393520,Vcr001,sRNA,NC_002505,+,21901,21941,2,0,true,0.021431445172718912,0.037727244497597345,Inf,0.07638999999999996,0.27427647619047607,26,1.0,33,0.5
VCA0523:IGR4,IGR,NC_002506,-,449524,456822,VadR,sRNA,NC_002506,+,3202,3285,2,0,true,0.0019473570197701172,0.0041558121874423724,75.82980475767963,0.9572,1.0,18,0.5,30,0.0
VadR,sRNA,NC_002506,+,3202,3285,Vcr025,sRNA,NC_002505,+,522631,522716,2,0,true,0.9975037697020992,1.0,0.24283023973378542,0.23985374134316492,0.5869012704402516,37,0.5,18,0.0
Vcr222,sRNA,NC_002505,-,2783840,2783908,VC2599,CDS_UTRS,NC_002505,-,2766003,2768668,2,1,true,0.035022852933416206,0.058422400963165894,Inf,0.094854,0.31095615652173914,30,0.5,18,0.0
Vcr222,sRNA,NC_002505,-,2783840,2783908,VCA0514:VCA0519,IGR,NC_002506,+,445128,449220,2,1,true,0.035022852933416206,0.058422400963165894,Inf,0.802162,1.0,30,0.0,18,0.0
lpxC,CDS_UTRS,NC_002505,-,2563832,2564998,Vcr001,sRNA,NC_002505,+,21901,21941,2,0,true,0.021431445172718912,0.037727244497597345,Inf,0.43773399999999996,0.7784231981132075,18,0.0,31,0.5
FarS,sRNA,NC_002505,-,2266017,2266134,VCA0596:VCA0604,IGR,NC_002506,+,535562,541289,2,0,true,0.08077757303731294,0.12244854325497437,9.457316550842584,0.3764142449093646,0.7212084653465348,28,0.5,17,0.0
Vcr222,sRNA,NC_002505,-,2783840,2783908,glyA:VC0957,IGR,NC_002505,+,1008331,1021326,2,0,true,0.09196012142314426,0.13830222985685475,8.687032120180618,0.802162,1.0,33,0.5,19,0.0
VC0549,CDS_UTRS,NC_002505,+,582157,582617,VCA1059:VCA1075,IGR,NC_002506,+,1010820,1028043,2,0,true,0.012277262097268298,0.02287762985929995,14.20503174035575,0.12696939137899693,0.38602790766033745,26,0.5,17,0.0
VC0348,CDS_UTRS,NC_002505,+,370445,371757,VCA0965,CDS_UTRS,NC_002506,+,914331,915796,1,0,true,0.012228895967607456,0.02287762985929995,108.25593543984466,0.8298099999999999,1.0,34,1.0,18,0.0
Vcr222,sRNA,NC_002505,-,2783840,2783908,VC2333,CDS_UTRS,NC_002505,+,2482589,2484335,1,1,true,0.1871448488916928,0.23750608729776299,Inf,0.11649399999999999,0.35705884552845524,19,0.0,17,0.0
VC2333,CDS_UTRS,NC_002505,+,2482589,2484335,OppZ,sRNA,NC_002505,+,1164273,1164325,1,1,true,0.19018026128793986,0.23801423257114093,Inf,0.704726,0.9994013261648745,17,0.0,33,0.0
VSsrna24,sRNA,NC_002505,+,106481,106537,VC1147:VC1153,IGR,NC_002505,+,1219266,1224774,1,0,true,0.2716828368381624,0.3263611436232014,4.486048091275517,0.17165600000000003,0.4689442898550726,33,0.0,18,0.0
Vcr036,sRNA,NC_002505,-,840378,840471,gmhA,CDS_UTRS,NC_002505,-,2383241,2384047,1,0,true,0.0031139918591676086,0.006395402635494766,Inf,0.11649399999999999,0.35705884552845524,37,0.0,18,0.0
VC0825:VC0819,IGR,NC_002505,-,876913,886342,Qrr3,sRNA,NC_002506,+,772258,772365,1,0,true,0.009425045295447299,0.017823600509212216,Inf,0.802162,1.0,17,0.0,32,1.0
VC1340,CDS_UTRS,NC_002505,+,1425842,1427827,GcvB,sRNA,NC_002505,-,954718,954922,1,0,true,0.0042859484204405,0.008755252923038883,Inf,0.48773999999999995,0.8358089999999999,17,0.0,32,1.0
VC1149,CDS_UTRS,NC_002505,-,1220318,1222019,VC2700,CDS_UTRS,NC_002505,+,2868077,2871916,1,1,true,0.0053680998812326575,0.010736199762465315,Inf,0.6664939999999999,0.9931550909090908,25,0.0,18,0.0
VC2700,CDS_UTRS,NC_002505,+,2868077,2871916,Vcr001,sRNA,NC_002505,+,21901,21941,1,1,true,0.14639578454858349,0.19553562831314297,Inf,0.290366,0.6047954806629834,18,0.0,20,0.0
Vcr043,sRNA,NC_002505,+,1114590,1114749,sucC,CDS_UTRS,NC_002505,-,2244073,2245323,1,0,true,0.12450380040494857,0.1808382195995831,7.641541210470408,0.9572,1.0,37,0.0,18,0.0
Vcr001,sRNA,NC_002505,+,21901,21941,VC0251,CDS_UTRS,NC_002505,+,257292,259804,1,0,true,0.8193905182715692,0.9288046824324613,0.5857148366490739,0.897824,1.0,33,0.0,18,0.0
VC2367,CDS_UTRS,NC_002505,-,2523852,2524435,Vcr005:VC0103,IGR,NC_002505,-,100835,106208,1,0,true,0.0022069603443118924,0.0046321914919073785,Inf,0.945316,1.0,30,1.0,17,0.0
VCA0358,CDS_UTRS,NC_002506,+,348985,349701,Vcr017,sRNA,NC_002505,-,350275,350367,1,0,true,0.09769866623526491,0.14635643334067136,18.958685282454535,0.06126200000000004,0.23329064646464662,24,1.0,39,1.0
VC2265:rpsB,IGR,NC_002505,-,2416320,2420536,Vcr001,sRNA,NC_002505,+,21901,21941,1,0,true,0.14639578454858349,0.19553562831314297,Inf,0.43773399999999996,0.7784231981132075,29,0.0,39,1.0
VC1872,CDS_UTRS,NC_002505,+,2014835,2016961,bcp:VC2164,IGR,NC_002505,+,2308840,2312079,1,0,true,0.005561180847266312,0.011064432727373598,Inf,0.07638999999999996,0.27427647619047607,29,0.0,17,0.0
VC0493,CDS_UTRS,NC_002505,-,526918,528120,Vcr001,sRNA,NC_002505,+,21901,21941,1,0,true,0.14639578454858349,0.19553562831314297,Inf,0.73961,0.9994013261648745,17,0.0,38,0.0
VC0583,CDS_UTRS,NC_002505,-,612366,613376,Qrr1,sRNA,NC_002505,-,1089964,1090058,1,0,true,0.718505984277327,0.8193113014744445,0.7898560391300729,0.24752600000000002,0.5869012704402516,34,0.0,19,0.0
bcp:VC2164,IGR,NC_002505,+,2308840,2312079,VSsrna24,sRNA,NC_002505,+,106481,106537,1,0,true,0.22157836954349808,0.26785739609372233,Inf,0.73961,0.9994013261648745,17,0.0,24,0.0
VC0974:VC0981,IGR,NC_002505,+,1040513,1045424,Vcr001,sRNA,NC_002505,+,21901,21941,1,0,true,0.14639578454858349,0.19553562831314297,Inf,0.854602,1.0,19,0.0,24,0.0
glpK,CDS_UTRS,NC_002506,-,687894,689676,Vcr017,sRNA,NC_002505,-,350275,350367,1,0,true,0.050104510685684334,0.07974967950804755,Inf,0.38643000000000005,0.7212084653465348,18,0.0,37,1.0
VCA0416,CDS_UTRS,NC_002506,+,383237,383791,Vcr017,sRNA,NC_002505,-,350275,350367,1,0,true,0.050104510685684334,0.07974967950804755,Inf,0.9572,1.0,23,0.0,21,1.0
Vcr214,sRNA,NC_002505,+,2376028,2376142,MicX,sRNA,NC_002506,-,893273,893616,1,0,true,0.999998414479484,1.0,0.07410181462167865,0.8298099999999999,1.0,34,0.0,18,0.0
VC0734,CDS_UTRS,NC_002505,+,788749,790684,VCA1059:VCA1075,IGR,NC_002506,+,1010820,1028043,1,0,true,0.2619247137855879,0.315631674025535,3.6034064490065765,0.38643000000000005,0.7212084653465348,35,0.0,19,0.0
Vcr229,sRNA,NC_002506,+,897527,897726,VC1343,CDS_UTRS,NC_002505,-,1429734,1431240,1,0,true,0.10212910294256283,0.15121440823278684,18.069980523469326,0.38643000000000005,0.7212084653465348,27,1.0,17,0.0
VCA0459,CDS_UTRS,NC_002506,+,409470,410174,VqmR,sRNA,NC_002506,+,1031438,1031588,1,0,true,0.0213444272567459,0.037727244497597345,Inf,0.581734,0.917630619246862,18,0.0,28,0.0
VC1625,CDS_UTRS,NC_002505,-,1746534,1749618,VadR,sRNA,NC_002506,+,3202,3285,1,0,true,0.025699974630058908,0.044828266249691794,Inf,0.06126200000000004,0.23329064646464662,18,0.0,22,1.0
VCA1023,CDS_UTRS,NC_002506,+,969825,971884,Vcr001,sRNA,NC_002505,+,21901,21941,1,0,true,0.14639578454858349,0.19553562831314297,Inf,0.17165600000000003,0.4689442898550726,19,1.0,37,1.0
sucA,CDS_UTRS,NC_002505,-,2246650,2249504,VC0604,CDS_UTRS,NC_002505,+,633758,636564,1,0,true,0.40532752745718315,0.473501882228269,1.9355603400003012,0.290366,0.6047954806629834,23,0.0,17,0.0
VC0582:VC0585,IGR,NC_002505,+,612553,613271,OppZ,sRNA,NC_002505,+,1164273,1164325,1,0,true,0.3441923365690781,0.40580701410304887,4.25818847216524,0.006232000000000015,0.03915773333333343,17,0.0,33,1.0
VC2341:VC2344,IGR,NC_002505,+,2495483,2499060,FarS,sRNA,NC_002505,-,2266017,2266134,1,0,true,0.07778468778134251,0.11838147702180414,Inf,NaN,NaN,18,0.0,25,1.0
VCA0975,CDS_UTRS,NC_002506,-,921691,924358,VSsrna24,sRNA,NC_002505,+,106481,106537,1,0,true,0.22157836954349808,0.26785739609372233,Inf,0.581734,0.917630619246862,17,0.0,34,0.0
VCA0455,CDS_UTRS,NC_002506,+,406185,407181,Vcr017,sRNA,NC_002505,-,350275,350367,1,0,true,0.050104510685684334,0.07974967950804755,Inf,0.704726,0.9994013261648745,23,0.0,22,1.0
FarS,sRNA,NC_002505,-,2266017,2266134,VC0651:VC0635,IGR,NC_002505,-,677455,695143,1,0,true,0.17456315431434843,0.22452230622249528,Inf,NaN,NaN,27,1.0,17,0.0
Vcr001,sRNA,NC_002505,+,21901,21941,VC2766,CDS_UTRS,NC_002505,-,2952453,2954046,1,0,true,0.7755453500450014,0.8817212015392575,0.6724996842760648,0.094854,0.31095615652173914,37,0.0,18,0.0
Vcr017,sRNA,NC_002505,-,350275,350367,rpoB,CDS_UTRS,NC_002505,+,340254,344451,1,0,true,0.999744248255957,1.0,0.11958776873925317,0.48773999999999995,0.8358089999999999,36,0.0,17,0.0
VC1150,CDS_UTRS,NC_002505,-,1222020,1222677,VCA1059:VCA1075,IGR,NC_002506,+,1010820,1028043,1,0,true,0.007785709635962479,0.015020914550190237,142.46717142071768,0.704726,0.9994013261648745,39,0.0,17,0.0
VC2599,CDS_UTRS,NC_002505,-,2766003,2768668,OppZ,sRNA,NC_002505,+,1164273,1164325,1,1,true,0.19018026128793986,0.23801423257114093,Inf,0.33699199999999996,0.6722009735449734,18,0.0,30,0.0
VCA0496,CDS_UTRS,NC_002506,+,430136,430943,Vcr017,sRNA,NC_002505,-,350275,350367,1,0,true,0.050104510685684334,0.07974967950804755,Inf,0.535496,0.8893479823788546,24,0.0,33,0.0
VCA0340,CDS_UTRS,NC_002506,+,338188,338899,Vcr001,sRNA,NC_002505,+,21901,21941,1,0,true,0.14639578454858349,0.19553562831314297,Inf,0.43773399999999996,0.7784231981132075,17,0.0,19,0.0
VC0137,CDS_UTRS,NC_002505,+,131385,132811,VCA0567,CDS_UTRS,NC_002506,+,505381,506301,1,0,true,0.0015221964531466625,0.0032667362084383435,Inf,0.915928,1.0,19,0.0,17,0.0
Vcr229,sRNA,NC_002506,+,897527,897726,VC1968:VC1964,IGR,NC_002505,-,2115280,2119829,1,0,true,0.05243944329818284,0.08176272383635039,Inf,0.802162,1.0,38,1.0,18,0.0
FarS,sRNA,NC_002505,-,2266017,2266134,VC1041:Vcr043,IGR,NC_002505,+,1110104,1114589,1,0,true,0.17456315431434843,0.22452230622249528,Inf,0.290366,0.6047954806629834,39,0.0,18,0.0
Vcr001,sRNA,NC_002505,+,21901,21941,VCA0446,CDS_UTRS,NC_002506,+,399889,400318,1,0,true,0.8798404481127543,0.9885266211149181,0.47159834556609437,0.704726,0.9994013261648745,35,0.0,19,0.0
VC1852,CDS_UTRS,NC_002505,+,1991417,1992102,Vcr017,sRNA,NC_002505,-,350275,350367,1,0,true,0.050104510685684334,0.07974967950804755,Inf,0.24752600000000002,0.5869012704402516,17,0.0,32,1.0
VC1822:VC1817,IGR,NC_002505,-,1959165,1962827,VSsrna24,sRNA,NC_002505,+,106481,106537,1,0,true,0.22157836954349808,0.26785739609372233,Inf,0.802162,1.0,21,1.0,28,1.0
MicX,sRNA,NC_002506,-,893273,893616,VC0487:Vcr025,IGR,NC_002505,+,519438,522630,1,0,true,0.03720176287412258,0.06125462680135701,Inf,0.7721020000000001,1.0,19,1.0,17,0.0
FarS,sRNA,NC_002505,-,2266017,2266134,VCA0152:VCA0141,IGR,NC_002506,-,157450,169848,1,0,true,0.17456315431434843,0.22452230622249528,Inf,0.20734600000000003,0.5246271275167786,33,1.0,18,0.0
VC2385,CDS_UTRS,NC_002505,+,2549642,2550613,Vcr001,sRNA,NC_002505,+,21901,21941,1,0,true,0.8503531509473797,0.9610500108340209,0.5300659190474858,0.14165000000000005,0.418162612972749,20,1.0,40,1.0
VC0251,CDS_UTRS,NC_002505,+,257292,259804,VC0844:TarA,IGR,NC_002505,-,888650,905358,1,0,true,0.0008149812868625261,0.0017588861671270337,Inf,0.290366,0.6047954806629834,22,0.0,17,0.0
VSsrna24,sRNA,NC_002505,+,106481,106537,VCA1059:VCA1075,IGR,NC_002506,+,1010820,1028043,1,0,true,0.6524120775439259,0.7506669084993365,0.9968879505473787,0.17165600000000003,0.4689442898550726,38,0.0,17,0.0
VC0573,CDS_UTRS,NC_002505,+,604056,604812,VCA0965,CDS_UTRS,NC_002506,+,914331,915796,1,0,true,0.05128574142223985,0.0812910922128449,25.16250958219797,0.094854,0.31095615652173914,27,1.0,20,0.0
VC0514,CDS_UTRS,NC_002505,+,545174,547106,Vcr001,sRNA,NC_002505,+,21901,21941,1,0,true,0.14639578454858349,0.19553562831314297,Inf,NaN,NaN,17,0.0,33,1.0
glpX:VC2692,IGR,NC_002505,+,2856907,2859604,VqmR,sRNA,NC_002506,+,1031438,1031588,1,0,true,0.0213444272567459,0.037727244497597345,Inf,0.03980600000000001,0.17473895656442648,19,0.0,17,0.0
Vcr017,sRNA,NC_002505,-,350275,350367,VCA0965,CDS_UTRS,NC_002506,+,914331,915796,1,0,true,0.10605954060827127,0.1564275849898055,11.727239505779487,0.854602,1.0,26,0.0,21,1.0
cysS,CDS_UTRS,NC_002505,-,1987233,1988855,Qrr3,sRNA,NC_002506,+,772258,772365,1,0,true,0.009425045295447299,0.017823600509212216,Inf,0.04937400000000003,0.2023260652173914,19,1.0,39,1.0
VCA1072,CDS_UTRS,NC_002506,-,1022807,1023541,FarS,sRNA,NC_002505,-,2266017,2266134,1,0,true,0.9999999555196124,1.0,0.056972914629414326,0.62575,0.958974593495935,33,0.0,17,0.0
VSsrna24,sRNA,NC_002505,+,106481,106537,VC1452:VC1448,IGR,NC_002505,-,1549120,1563951,1,1,true,0.1002808654517533,0.14963785391628812,Inf,0.6664939999999999,0.9931550909090908,18,0.0,19,0.0
VC1452:VC1448,IGR,NC_002505,-,1549120,1563951,FarS,sRNA,NC_002505,-,2266017,2266134,1,1,true,0.07778468778134251,0.11838147702180414,Inf,0.535496,0.8893479823788546,19,0.0,23,1.0
VC1354:VC1350,IGR,NC_002505,-,1441390,1444611,VadR,sRNA,NC_002506,+,3202,3285,1,0,true,0.999994512995066,1.0,0.08162370311558129,0.38643000000000005,0.7212084653465348,17,0.0,30,1.0
FarS,sRNA,NC_002505,-,2266017,2266134,VCA0688:VCA0681,IGR,NC_002506,-,617840,625693,1,0,true,0.17456315431434843,0.22452230622249528,Inf,0.915928,1.0,36,1.0,17,0.0
VCA0743:glpA,IGR,NC_002506,+,688214,691050,VrrA,sRNA,NC_002505,+,1878684,1878823,1,0,true,0.07475338938512588,0.1156105050409639,16.996459416309527,0.17165600000000003,0.4689442898550726,17,0.0,22,0.0
Vcr001,sRNA,NC_002505,+,21901,21941,VCA0342,CDS_UTRS,NC_002506,+,339450,339927,1,0,true,0.02679784198343549,0.0461116019714971,Inf,0.581734,0.917630619246862,38,0.0,19,0.0
5S:VC2489,IGR,NC_002505,-,2669994,2675956,VC0972,CDS_UTRS,NC_002505,+,1037691,1038978,1,0,true,0.026030008374325564,0.044993046149286724,Inf,0.48773999999999995,0.8358089999999999,20,1.0,35,1.0
VC1542:VC1538,IGR,NC_002505,-,1650536,1654706,Vcr001,sRNA,NC_002505,+,21901,21941,1,0,true,0.14639578454858349,0.19553562831314297,Inf,0.290366,0.6047954806629834,37,1.0,18,0.0
VC2028:VC2026,IGR,NC_002505,-,2179256,2179684,Vcr001,sRNA,NC_002505,+,21901,21941,1,0,true,0.14639578454858349,0.19553562831314297,Inf,0.33699199999999996,0.6722009735449734,17,0.0,38,1.0
Vcr214,sRNA,NC_002505,+,2376028,2376142,VCA0172,CDS_UTRS,NC_002506,-,189226,190182,1,0,true,0.10861602125835701,0.15958200046420146,8.804606751344652,0.897824,1.0,37,0.0,17,0.0
VCA1079:VCA1074,IGR,NC_002506,-,1028086,1032247,FarS,sRNA,NC_002505,-,2266017,2266134,1,0,true,0.07778468778134251,0.11838147702180414,Inf,0.704726,0.9994013261648745,17,0.0,29,1.0
VC0549,CDS_UTRS,NC_002505,+,582157,582617,VCA0851,CDS_UTRS,NC_002506,-,801987,803145,1,0,true,0.08355276616772123,0.12615476947063045,14.20331769985388,0.38643000000000005,0.7212084653465348,28,1.0,17,0.0
Vcr106,sRNA,NC_002506,+,926561,926637,VC0972,CDS_UTRS,NC_002505,+,1037691,1038978,1,0,true,0.026030008374325564,0.044993046149286724,Inf,0.04937400000000003,0.2023260652173914,17,0.0,24,0.0
VCA0023:VCA0011,IGR,NC_002506,-,11952,27857,Vcr229,sRNA,NC_002506,+,897527,897726,1,0,true,0.029081136663156704,0.04937330757922605,Inf,0.535496,0.8893479823788546,17,0.0,24,1.0
VC0423:VC0396,IGR,NC_002505,-,422523,452739,MicX,sRNA,NC_002506,-,893273,893616,1,0,true,0.04535958709492649,0.07436636167494386,42.588393650798494,0.11649399999999999,0.35705884552845524,17,0.0,27,1.0
Vcr229,sRNA,NC_002506,+,897527,897726,VCA0596:VCA0604,IGR,NC_002506,+,535562,541289,1,0,true,0.14921316435733767,0.19832044501249407,9.035036894509098,0.73961,0.9994013261648745,24,0.0,17,0.0
VCA0514:VCA0519,IGR,NC_002506,+,445128,449220,OppZ,sRNA,NC_002505,+,1164273,1164325,1,1,true,0.19018026128793986,0.23801423257114093,Inf,0.48773999999999995,0.8358089999999999,18,0.0,34,0.0
MicX,sRNA,NC_002506,-,893273,893616,VCA0240:VCA0237,IGR,NC_002506,-,258698,260848,1,1,true,0.03720176287412258,0.06125462680135701,Inf,0.535496,0.8893479823788546,35,1.0,17,0.0
VCA0240:VCA0237,IGR,NC_002506,-,258698,260848,Vcr214,sRNA,NC_002505,+,2376028,2376142,1,1,true,0.006322279073839976,0.012385182595932671,Inf,0.290366,0.6047954806629834,17,0.0,22,0.0
Vcr001,sRNA,NC_002505,+,21901,21941,MicX,sRNA,NC_002506,-,893273,893616,1,0,true,1.0,1.0,0.0034706817958039915,0.094854,0.31095615652173914,37,0.0,18,0.0
VCA0047,CDS_UTRS,NC_002506,-,54730,56060,Vcr214,sRNA,NC_002505,+,2376028,2376142,1,0,true,0.006322279073839976,0.012385182595932671,Inf,0.73961,0.9994013261648745,18,0.0,25,0.0
VC0549,CDS_UTRS,NC_002505,+,582157,582617,VCA0231:VCA0224,IGR,NC_002506,-,247333,252310,1,0,true,0.017298707480091435,0.031769741622091,Inf,0.33699199999999996,0.6722009735449734,25,1.0,17,0.0
Vcr229,sRNA,NC_002506,+,897527,897726,moaD,CDS_UTRS,NC_002505,+,1095195,1095440,1,0,true,0.05243944329818284,0.08176272383635039,Inf,0.38643000000000005,0.7212084653465348,37,0.0,19,0.0
VC2557:cpdB,IGR,NC_002505,+,2739293,2743265,Qrr4,sRNA,NC_002506,-,908201,908306,1,0,true,0.0007857946292059159,0.0017152774191809136,Inf,0.62575,0.958974593495935,18,1.0,28,1.0
VC2058,CDS_UTRS,NC_002505,-,2213472,2214161,VSsrna24,sRNA,NC_002505,+,106481,106537,1,0,true,0.22157836954349808,0.26785739609372233,Inf,0.11649399999999999,0.35705884552845524,20,0.0,27,0.0
VC1614,CDS_UTRS,NC_002505,-,1727861,1729048,VSsrna24,sRNA,NC_002505,+,106481,106537,1,0,true,0.22157836954349808,0.26785739609372233,Inf,0.73961,0.9994013261648745,24,1.0,21,0.0
Qrr3,sRNA,NC_002506,+,772258,772365,VC0098,CDS_UTRS,NC_002505,-,95392,97758,1,0,true,0.0021755285591444906,0.004591447014327047,Inf,0.704726,0.9994013261648745,33,0.0,18,0.0
VC0134,CDS_UTRS,NC_002505,-,128574,129599,Vcr017,sRNA,NC_002505,-,350275,350367,1,0,true,0.050104510685684334,0.07974967950804755,Inf,0.581734,0.917630619246862,17,0.0,34,0.0
VC1635,CDS_UTRS,NC_002505,-,1760824,1761878,Vcr214,sRNA,NC_002505,+,2376028,2376142,1,0,true,0.006322279073839976,0.012385182595932671,Inf,0.290366,0.6047954806629834,19,0.0,17,0.0
oppA,CDS_UTRS,NC_002505,+,1158468,1160373,VC1071,CDS_UTRS,NC_002505,+,1137847,1139282,1,0,true,0.025555527450708992,0.044780786633811166,57.7028492589199,0.854602,1.0,24,1.0,17,0.0
VC0673,CDS_UTRS,NC_002505,+,719920,720714,Vcr001,sRNA,NC_002505,+,21901,21941,1,0,true,0.14639578454858349,0.19553562831314297,Inf,0.33699199999999996,0.6722009735449734,19,0.0,29,1.0
VC0977,CDS_UTRS,NC_002505,-,1041964,1043265,Qrr3,sRNA,NC_002506,+,772258,772365,1,0,true,0.009425045295447299,0.017823600509212216,Inf,0.73961,0.9994013261648745,22,1.0,33,1.0
VC2385,CDS_UTRS,NC_002505,+,2549642,2550613,Vcr229,sRNA,NC_002506,+,897527,897726,1,0,true,0.2982323603045399,0.35601488011354454,3.0352850696745675,0.802162,1.0,17,0.0,22,0.0
VCA0581,CDS_UTRS,NC_002506,+,519796,520987,VqmR,sRNA,NC_002506,+,1031438,1031588,1,0,true,0.0213444272567459,0.037727244497597345,Inf,0.8774,1.0,17,0.0,29,1.0
VC0549,CDS_UTRS,NC_002505,+,582157,582617,VC1796,CDS_UTRS,NC_002505,-,1941658,1942232,1,0,true,0.017298707480091435,0.031769741622091,Inf,0.016175999999999968,0.09027997719178162,38,1.0,17,0.0
VC1252:VC1258,IGR,NC_002505,+,1324376,1330006,Vcr001,sRNA,NC_002505,+,21901,21941,1,0,true,0.14639578454858349,0.19553562831314297,Inf,0.06126200000000004,0.23329064646464662,19,0.0,31,0.0
VC1485,CDS_UTRS,NC_002505,-,1589366,1591060,Vcr001,sRNA,NC_002505,+,21901,21941,1,0,true,0.14639578454858349,0.19553562831314297,Inf,0.981958,1.0,17,0.0,38,1.0
Vcr214,sRNA,NC_002505,+,2376028,2376142,Vcr067,sRNA,NC_002505,+,1801887,1802121,1,0,true,0.12005909652578817,0.17571867767375893,7.906015348932409,0.04937400000000003,0.2023260652173914,38,0.0,17,0.0
VC0249,CDS_UTRS,NC_002505,+,254753,256168,VSsrna24,sRNA,NC_002505,+,106481,106537,1,0,true,1.0,1.0,0.006618398683037612,0.43773399999999996,0.7784231981132075,17,0.0,32,0.0
VC0894:VC0896,IGR,NC_002505,+,954594,954813,Vcr001,sRNA,NC_002505,+,21901,21941,1,0,true,0.14639578454858349,0.19553562831314297,Inf,0.73961,0.9994013261648745,17,0.0,36,1.0
Vcr047:VC1140,IGR,NC_002505,-,1209545,1211895,VSsrna24,sRNA,NC_002505,+,106481,106537,1,0,true,0.22157836954349808,0.26785739609372233,Inf,0.43773399999999996,0.7784231981132075,18,0.0,39,1.0
CsrB,sRNA,NC_002505,-,196519,196932,VSsrna24,sRNA,NC_002505,+,106481,106537,1,0,true,1.0,1.0,0.005984955440865938,0.897824,1.0,21,1.0,35,0.0
VC2646,CDS_UTRS,NC_002505,+,2818409,2821321,VCA1072,CDS_UTRS,NC_002506,-,1022807,1023541,1,0,true,0.0024696402632186087,0.005127187937769068,Inf,0.43773399999999996,0.7784231981132075,18,1.0,22,1.0
FarS,sRNA,NC_002505,-,2266017,2266134,VC2224,CDS_UTRS,NC_002505,-,2377780,2379633,1,1,true,0.17456315431434843,0.22452230622249528,Inf,0.38643000000000005,0.7212084653465348,21,0.0,18,0.0
VC2224,CDS_UTRS,NC_002505,-,2377780,2379633,VSsrna24,sRNA,NC_002505,+,106481,106537,1,1,true,0.22157836954349808,0.26785739609372233,Inf,0.581734,0.917630619246862,18,0.0,23,0.0
Vcr001,sRNA,NC_002505,+,21901,21941,VC2086,CDS_UTRS,NC_002505,-,2245324,2246621,1,0,true,0.9999999935958308,1.0,0.052325390021811406,0.24752600000000002,0.5869012704402516,37,0.0,18,0.0
VCA0307,CDS_UTRS,NC_002506,+,319026,319881,Vcr001,sRNA,NC_002505,+,21901,21941,1,0,true,0.14639578454858349,0.19553562831314297,Inf,0.48773999999999995,0.8358089999999999,19,0.0,22,0.0
VCA0864,CDS_UTRS,NC_002506,+,815798,817478,VSsrna24,sRNA,NC_002505,+,106481,106537,1,0,true,0.22157836954349808,0.26785739609372233,Inf,0.290366,0.6047954806629834,17,0.0,31,1.0
FarS,sRNA,NC_002505,-,2266017,2266134,VC1282,CDS_UTRS,NC_002505,+,1357271,1358673,1,0,true,0.31865433728760206,0.3792085882986417,4.728609737526121,0.897824,1.0,23,1.0,17,0.0
Vcr229,sRNA,NC_002506,+,897527,897726,VC2343,CDS_UTRS,NC_002505,-,2497619,2499333,1,0,true,0.10212910294256283,0.15121440823278684,18.069980523469326,0.73961,0.9994013261648745,22,0.0,18,0.0
VCA0630,CDS_UTRS,NC_002506,-,567291,568262,Vcr229,sRNA,NC_002506,+,897527,897726,1,0,true,0.05731662420896222,0.08900386360903889,33.387801607560306,0.094854,0.31095615652173914,18,0.0,28,1.0
VC0573,CDS_UTRS,NC_002505,+,604056,604812,VCA0083,CDS_UTRS,NC_002506,+,93381,94992,1,1,true,0.013075622629987294,0.024247028372112362,Inf,0.854602,1.0,35,0.0,18,0.0
VCA0083,CDS_UTRS,NC_002506,+,93381,94992,Vcr001,sRNA,NC_002505,+,21901,21941,1,1,true,0.14639578454858349,0.19553562831314297,Inf,0.24752600000000002,0.5869012704402516,18,0.0,24,1.0
VCA0470,CDS_UTRS,NC_002506,+,415651,416237,VqmR,sRNA,NC_002506,+,1031438,1031588,1,0,true,0.0213444272567459,0.037727244497597345,Inf,0.62575,0.958974593495935,36,1.0,38,1.0
envZ,CDS_UTRS,NC_002505,-,2886866,2888416,VSsrna24,sRNA,NC_002505,+,106481,106537,1,0,true,0.22157836954349808,0.26785739609372233,Inf,0.535496,0.8893479823788546,19,0.0,29,0.0
Vcr229,sRNA,NC_002506,+,897527,897726,VC1485,CDS_UTRS,NC_002505,-,1589366,1591060,1,0,true,0.05243944329818284,0.08176272383635039,Inf,0.07638999999999996,0.27427647619047607,17,0.0,17,0.0
FarS,sRNA,NC_002505,-,2266017,2266134,VCA0971,CDS_UTRS,NC_002506,+,917682,918522,1,1,true,0.17456315431434843,0.22452230622249528,Inf,0.704726,0.9994013261648745,27,0.0,17,0.0
VCA0971,CDS_UTRS,NC_002506,+,917682,918522,VSsrna24,sRNA,NC_002505,+,106481,106537,1,1,true,0.22157836954349808,0.26785739609372233,Inf,0.17165600000000003,0.4689442898550726,17,0.0,17,0.0
Vcr106:VCA0983,IGR,NC_002506,+,926638,930848,OppZ,sRNA,NC_002505,+,1164273,1164325,1,0,true,0.19018026128793986,0.23801423257114093,Inf,0.975338,1.0,17,0.0,27,0.0
Vcr222,sRNA,NC_002505,-,2783840,2783908,VC1853,CDS_UTRS,NC_002505,-,1991734,1992667,1,0,true,0.1871448488916928,0.23750608729776299,Inf,0.704726,0.9994013261648745,38,0.0,18,0.0
VC0573,CDS_UTRS,NC_002505,+,604056,604812,VCA1059:VCA1075,IGR,NC_002506,+,1010820,1028043,1,0,true,0.12332588834180369,0.17981102804033974,8.3876076113908,0.62575,0.958974593495935,28,0.0,17,0.0
VC1926:VC1933,IGR,NC_002505,+,2079078,2084145,VrrA,sRNA,NC_002505,+,1878684,1878823,1,0,true,0.019236252522961905,0.03515908355871506,Inf,NaN,NaN,18,1.0,27,1.0
VC2086,CDS_UTRS,NC_002505,-,2245324,2246621,VCA0849,CDS_UTRS,NC_002506,-,790964,800970,1,0,true,0.00836534510977549,0.016058099657960994,Inf,0.581734,0.917630619246862,26,0.0,17,0.0
VCA0743:glpA,IGR,NC_002506,+,688214,691050,VSsrna24,sRNA,NC_002505,+,106481,106537,1,0,true,0.6328378397773138,0.7303445764197397,1.171026600369462,0.094854,0.31095615652173914,17,0.0,26,0.0
VC2385,CDS_UTRS,NC_002505,+,2549642,2550613,FarS,sRNA,NC_002505,-,2266017,2266134,1,0,true,0.6215726485012532,0.7195174294772081,1.0778203037735934,0.33699199999999996,0.6722009735449734,17,0.0,22,0.0
Vcr222,sRNA,NC_002505,-,2783840,2783908,VC0421,CDS_UTRS,NC_002505,+,450572,451399,1,0,true,0.1871448488916928,0.23750608729776299,Inf,0.24752600000000002,0.5869012704402516,35,0.0,17,0.0
VC1710:VC1708,IGR,NC_002505,-,1839884,1842608,Vcr001,sRNA,NC_002505,+,21901,21941,1,0,true,0.14639578454858349,0.19553562831314297,Inf,0.535496,0.8893479823788546,17,0.0,20,0.0
VCA0372,CDS_UTRS,NC_002506,-,358053,358597,Vcr001,sRNA,NC_002505,+,21901,21941,1,0,true,0.14639578454858349,0.19553562831314297,Inf,0.003094000000000041,0.0224315000000003,17,0.0,33,1.0
VCA0630,CDS_UTRS,NC_002506,-,567291,568262,FarS,sRNA,NC_002505,-,2266017,2266134,1,0,true,0.1495190789622992,0.19832044501249407,11.856157366540312,0.03980600000000001,0.17473895656442648,17,0.0,27,1.0
FarS,sRNA,NC_002505,-,2266017,2266134,VCA0481:VCA0472,IGR,NC_002506,-,417782,421586,1,0,true,0.17456315431434843,0.22452230622249528,Inf,0.290366,0.6047954806629834,33,1.0,17,0.0
Qrr4,sRNA,NC_002506,-,908201,908306,QrrX,sRNA,NC_002506,-,776823,776968,1,0,true,0.16258739720673665,0.21490790911063462,5.707546306116865,0.031718000000000024,0.1565950981331207,39,0.0,17,0.0
VCA1056,CDS_UTRS,NC_002506,-,1005234,1007941,VCA0689,CDS_UTRS,NC_002506,-,627699,628074,1,0,true,0.0022967654447934027,0.004794340983120655,Inf,0.6664939999999999,0.9931550909090908,20,1.0,35,1.0
VC0348,CDS_UTRS,NC_002505,+,370445,371757,VCA1059:VCA1075,IGR,NC_002506,+,1010820,1028043,1,0,true,0.030292614955266917,0.05120256156155736,36.08879450903438,0.704726,0.9994013261648745,25,0.0,17,0.0
VC1167:Trp leader,IGR,NC_002505,+,1240775,1248839,Vcr228,sRNA,NC_002506,+,787266,787431,1,0,true,0.004514951426666358,0.00917399704780079,Inf,0.290366,0.6047954806629834,17,0.0,34,1.0
aphA,CDS_UTRS,NC_002505,+,2821322,2822240,Qrr1,sRNA,NC_002505,-,1089964,1090058,1,0,true,0.6577261055263233,0.7545086255587251,0.9342447116754498,0.802162,1.0,38,0.0,17,0.0
FarS,sRNA,NC_002505,-,2266017,2266134,VCA1059:VCA1075,IGR,NC_002506,+,1010820,1028043,1,0,true,0.8531651208967397,0.9613837055532582,0.5253929240509625,0.802162,1.0,39,1.0,17,0.0
VCA0047:VCA0042,IGR,NC_002506,-,51032,54729,Vcr229,sRNA,NC_002506,+,897527,897726,1,0,true,0.029081136663156704,0.04937330757922605,Inf,0.004921999999999982,0.03145074576271175,17,0.0,23,0.0
VCA0389:VCA0391,IGR,NC_002506,+,368119,369159,Vcr017,sRNA,NC_002505,-,350275,350367,1,0,true,0.050104510685684334,0.07974967950804755,Inf,0.17165600000000003,0.4689442898550726,26,0.0,35,0.0
FarS,sRNA,NC_002505,-,2266017,2266134,VC0423:VC0396,IGR,NC_002505,-,422523,452739,1,1,true,0.17456315431434843,0.22452230622249528,Inf,0.094854,0.31095615652173914,21,0.0,18,0.0
VC0423:VC0396,IGR,NC_002505,-,422523,452739,VSsrna24,sRNA,NC_002505,+,106481,106537,1,1,true,0.39406015248103743,0.4617514670176573,3.5130886339295184,0.62575,0.958974593495935,18,0.0,27,0.0
VC1168,CDS_UTRS,NC_002505,-,1240476,1242090,Vcr001,sRNA,NC_002505,+,21901,21941,1,0,true,0.14639578454858349,0.19553562831314297,Inf,0.14165000000000005,0.418162612972749,17,0.0,33,1.0
VC1574:VC1571,IGR,NC_002505,-,1683801,1685848,Vcr001,sRNA,NC_002505,+,21901,21941,1,0,true,0.14639578454858349,0.19553562831314297,Inf,0.38643000000000005,0.7212084653465348,32,0.0,32,0.0
Vcr096,sRNA,NC_002506,-,243936,243986,VC1461,CDS_UTRS,NC_002505,-,1570993,1571309,1,0,true,0.3773733771653315,0.44355886177586656,2.117628025287314,0.8298099999999999,1.0,35,0.0,19,0.0
QrrX,sRNA,NC_002506,-,776823,776968,Qrr2,sRNA,NC_002506,+,48449,48555,1,0,true,0.6614833868360017,0.7565468675789002,0.9256493517949163,0.38643000000000005,0.7212084653465348,37,0.0,18,0.0
Vcr017,sRNA,NC_002505,-,350275,350367,VC0818:VC0816,IGR,NC_002505,-,873147,874050,1,0,true,0.027639764800442612,0.04734704104829183,Inf,0.290366,0.6047954806629834,25,1.0,17,0.0
VSsrna24,sRNA,NC_002505,+,106481,106537,VcdRP,sRNA,NC_002505,-,2433387,2433692,1,0,true,1.0,1.0,0.013368976848752613,0.20734600000000003,0.5246271275167786,34,0.0,19,0.0
MicX,sRNA,NC_002506,-,893273,893616,xseA:VC0745,IGR,NC_002505,-,799826,818269,1,0,true,0.03720176287412258,0.06125462680135701,Inf,0.04937400000000003,0.2023260652173914,26,0.0,17,0.0
Vcr068,sRNA,NC_002505,-,1897780,1897969,Vcr001,sRNA,NC_002505,+,21901,21941,1,0,true,0.14639578454858349,0.19553562831314297,Inf,0.48773999999999995,0.8358089999999999,23,1.0,25,0.0
VC1689,CDS_UTRS,NC_002505,-,1822552,1824591,FarS,sRNA,NC_002505,-,2266017,2266134,1,0,true,0.07778468778134251,0.11838147702180414,Inf,0.11649399999999999,0.35705884552845524,17,0.0,25,0.0
VC0348,CDS_UTRS,NC_002505,+,370445,371757,VC0168:VC0166,IGR,NC_002505,-,164463,166289,1,1,true,0.0030713344364393658,0.006341890566053176,Inf,0.290366,0.6047954806629834,31,0.0,17,0.0
VC0168:VC0166,IGR,NC_002505,-,164463,166289,Vcr001,sRNA,NC_002505,+,21901,21941,1,1,true,0.14639578454858349,0.19553562831314297,Inf,0.38643000000000005,0.7212084653465348,17,0.0,24,1.0
Vcr017,sRNA,NC_002505,-,350275,350367,VCA0325:VCA0328,IGR,NC_002506,+,329323,329658,1,0,true,0.5564145863358754,0.646049762858068,1.2564400383602283,0.73961,0.9994013261648745,33,0.0,18,0.0
VC1803,CDS_UTRS,NC_002505,+,1947912,1948686,VC1247,CDS_UTRS,NC_002505,-,1318714,1319222,1,0,true,0.0007992653942781036,0.0017347692080354293,Inf,0.704726,0.9994013261648745,17,0.0,33,1.0
VC0613,CDS_UTRS,NC_002505,-,646814,648786,Vcr096,sRNA,NC_002506,-,243936,243986,1,0,true,0.006537811314993758,0.012709195629578403,Inf,0.7721020000000001,1.0,19,0.0,23,0.0
VC1149,CDS_UTRS,NC_002505,-,1220318,1222019,VCA1059:VCA1075,IGR,NC_002506,+,1010820,1028043,1,0,true,0.052403162697022054,0.08176272383635039,20.59467088811489,0.73961,0.9994013261648745,27,0.0,17,0.0
VCA0388,CDS_UTRS,NC_002506,+,366709,367537,VqmR,sRNA,NC_002506,+,1031438,1031588,1,0,true,0.0213444272567459,0.037727244497597345,Inf,0.03980600000000001,0.17473895656442648,31,0.0,33,0.0
VCA0648,CDS_UTRS,NC_002506,-,583086,583832,Vcr001,sRNA,NC_002505,+,21901,21941,1,0,true,0.14639578454858349,0.19553562831314297,Inf,0.290366,0.6047954806629834,17,0.0,26,1.0
Vcr001,sRNA,NC_002505,+,21901,21941,VC0734,CDS_UTRS,NC_002505,+,788749,790684,1,0,true,1.0,1.0,0.014426625547291098,0.43773399999999996,0.7784231981132075,32,0.0,18,0.0
VC1372,CDS_UTRS,NC_002505,+,1461989,1463567,Vcr001,sRNA,NC_002505,+,21901,21941,1,0,true,0.14639578454858349,0.19553562831314297,Inf,NaN,NaN,17,0.0,21,0.0
VC2614:rimO,IGR,NC_002505,+,2783090,2788771,OppZ,sRNA,NC_002505,+,1164273,1164325,1,0,true,0.3441923365690781,0.40580701410304887,4.25818847216524,0.290366,0.6047954806629834,19,0.0,19,0.0
VC1461,CDS_UTRS,NC_002505,-,1570993,1571309,VC2469,CDS_UTRS,NC_002505,+,2650006,2652058,1,0,true,0.9792759868407284,1.0,0.2575194387212647,0.6664939999999999,0.9931550909090908,24,0.0,18,0.0
