,name1,type1,ref1,name2,type2,ref2,nb_ints,in_libs,p_value,fdr,strand1,meanleft1,meanright1,meanleft2,meanright2,strand2,meanlength1,meanlength2,minleft1,maxright1,minleft2,maxright2,nms1,nms2,meanmiss1,meanmiss2,relmean1,relmean2,relmin1,relmax1,relmin2,relmax2
9,Vcr083,sRNA,NC_002505,Spot42,sRNA,NC_002505,9755,2,0.0,0.0,+,2472442,2472482,106129,106169,+,41,41,2472390,2472576,106075,106185,0.4231,0.1602,0.8975,0.2084,0.3998,0.4885,0.0,0.8821,0.0,1.0
11,galK,CDS,NC_002505,Spot42,sRNA,NC_002505,9384,2,0.0,0.0,-,1708116,1708154,106145,106180,+,39,36,1707068,1708220,106086,106186,0.3119,0.1668,0.3945,0.2454,0.0707,0.636,0.0,0.9318,0.0917,1.0
14,VCA0987,CDS,NC_002506,Spot42,sRNA,NC_002505,7980,2,0.0,0.0,+,938109,938149,106145,106179,+,41,36,938018,940405,106076,106186,0.3231,0.2071,0.4351,0.2624,0.0265,0.6294,0.0,0.9623,0.0,1.0
20,VC0910,CDS,NC_002505,Spot42,sRNA,NC_002505,6579,2,0.0,0.0,+,969782,969824,106142,106179,+,42,37,969714,971270,106077,106188,0.4523,0.1689,0.6009,0.1923,0.0248,0.6083,0.0,1.0,0.0092,1.0
26,VC1034,CDS,NC_002505,Spot42,sRNA,NC_002505,4509,2,0.0,0.0,+,1100917,1100961,106141,106177,+,45,37,1100324,1101424,106075,106185,0.3775,0.1754,0.5797,0.2045,0.7316,0.5921,0.0,1.0,0.0,1.0
33,zapA,CDS,NC_002505,Spot42,sRNA,NC_002505,3309,2,0.0,0.0,+,2657977,2658019,106143,106179,+,43,37,2657833,2658268,106075,106185,0.3545,0.1393,0.5533,0.1698,0.425,0.6132,0.0,1.0,0.0,1.0
35,Vcr230,sRNA,NC_002506,Spot42,sRNA,NC_002505,3267,2,0.0,0.0,+,938002,938043,106144,106179,+,42,36,937991,938075,106090,106186,0.3545,0.1919,0.7009,0.236,0.675,0.6281,0.0,1.0,0.1284,1.0
36,VC0349,CDS,NC_002505,Spot42,sRNA,NC_002505,3267,2,0.0,0.0,+,371783,371815,106132,106180,+,33,49,371735,372941,106078,106185,0.4074,0.1139,0.4821,0.1365,0.0297,0.5179,0.0,0.9781,0.0183,1.0
37,VC2606,CDS,NC_002505,Spot42,sRNA,NC_002505,3195,2,0.0,0.0,-,2774836,2774877,106143,106178,+,42,36,2774800,2776434,106073,106186,0.3806,0.2097,0.5199,0.2394,0.9945,0.6126,0.1077,1.0,0.0,1.0
40,sucA,CDS,NC_002505,Spot42,sRNA,NC_002505,2900,2,0.0,0.0,-,2248970,2249017,106137,106173,+,49,37,2246619,2249524,106073,106185,0.3334,0.1824,0.4662,0.2314,0.1744,0.5614,0.0,1.0,0.0,1.0
41,infB,CDS,NC_002505,Spot42,sRNA,NC_002505,2582,2,8.88617601489359e-171,6.61255195117382e-168,+,685853,685897,106141,106177,+,46,37,685313,688095,106077,106186,0.3687,0.1832,0.5837,0.2215,0.2079,0.5978,0.0,1.0,0.0092,1.0
44,VC1337,CDS,NC_002505,Spot42,sRNA,NC_002505,2352,2,0.0,0.0,+,1420779,1420814,106137,106179,+,36,42,1420709,1421944,106076,106185,0.2258,0.128,0.3206,0.1603,0.0014,0.5629,0.0,0.9991,0.0,1.0
50,VC1905,CDS,NC_002505,Spot42,sRNA,NC_002505,2057,2,0.0,0.0,+,2055630,2055672,106141,106177,+,43,38,2055467,2056340,106084,106185,0.4084,0.1638,0.7341,0.2081,0.1256,0.5935,0.0,0.7198,0.0734,1.0
53,VCA1043,CDS,NC_002506,Spot42,sRNA,NC_002505,1994,2,0.0,0.0,-,994263,994304,106139,106175,+,42,37,993416,994424,106077,106185,0.342,0.2267,0.4498,0.2748,0.0371,0.5788,0.0,0.9343,0.0092,1.0
55,sdhC,CDS,NC_002505,Spot42,sRNA,NC_002505,1934,2,0.0,0.0,-,2252735,2252776,106137,106173,+,41,37,2252381,2252991,106077,106186,0.3795,0.1939,0.4814,0.2332,0.0908,0.5594,0.0,0.9949,0.0092,1.0
60,VC2386,CDS,NC_002505,Spot42,sRNA,NC_002505,1822,2,0.0,0.0,+,2551246,2551285,106138,106174,+,40,37,2550597,2552259,106077,106185,0.3057,0.1833,0.3732,0.2256,0.4138,0.5662,0.0,1.0,0.0092,1.0
63,VC2387,CDS,NC_002505,Spot42,sRNA,NC_002505,1797,2,5.525753276701459e-270,5.9077519838340895e-267,+,2552587,2552628,106135,106174,+,42,40,2552243,2553138,106078,106185,0.2972,0.1725,0.4135,0.1987,0.6141,0.5404,0.0,1.0,0.0183,1.0
66,Vcr067,sRNA,NC_002505,Spot42,sRNA,NC_002505,1679,2,0.0,0.0,+,1801988,1802030,106134,106169,+,43,37,1801885,1802127,106073,106185,0.346,0.1876,0.5896,0.2329,0.6099,0.5283,0.0,1.0,0.0,1.0
68,VC1434,CDS,NC_002505,Spot42,sRNA,NC_002505,1665,2,0.0,0.0,-,1532414,1532456,106133,106168,+,43,36,1531813,1532486,106076,106185,0.2991,0.1562,0.4505,0.1868,0.0723,0.5216,0.0,0.871,0.0,1.0
74,VC2550,CDS,NC_002505,Spot42,sRNA,NC_002505,1525,2,4.14949356012691e-103,2.19134252955436e-100,+,2733409,2733451,106138,106175,+,43,38,2733378,2734026,106076,106185,0.2367,0.2026,0.3574,0.2341,0.0845,0.5669,0.0,1.0,0.0,1.0
76,VC2137,CDS,NC_002505,Spot42,sRNA,NC_002505,1490,2,0.0,0.0,-,2292565,2292597,106138,106177,+,34,40,2291285,2292907,106077,106185,0.3315,0.151,0.3879,0.2168,0.1456,0.5698,0.0,1.0,0.0092,1.0
81,VCA0745,CDS,NC_002506,Spot42,sRNA,NC_002505,1420,2,0.0,0.0,-,690211,690248,106139,106177,+,38,39,689650,690807,106073,106185,0.3901,0.1521,0.5887,0.1789,0.4499,0.5786,0.0,1.0,0.0,1.0
82,recF,CDS,NC_002505,Spot42,sRNA,NC_002505,1416,2,0.0,0.0,+,10553,10589,106144,106180,+,37,37,10221,10890,106087,106185,0.4619,0.1893,0.541,0.2712,0.5481,0.6225,0.2108,0.824,0.1009,1.0
83,16Sg:5Sh,IGR,NC_002505,Spot42,sRNA,NC_002505,1402,2,0.0,0.0,-,2933588,2933623,106136,106174,+,36,39,2933281,2933645,106077,106185,0.2382,0.2047,0.2974,0.2389,0.1567,0.5522,0.0,0.9973,0.0092,1.0
93,VC2605,CDS,NC_002505,Spot42,sRNA,NC_002505,1286,2,0.0,0.0,-,2774788,2774827,106138,106176,+,40,39,2774560,2774843,106072,106185,0.4487,0.2154,0.682,0.2589,0.1396,0.571,0.0,1.0,0.0,1.0
97,VC1492,CDS,NC_002505,Spot42,sRNA,NC_002505,1225,2,3.74623576293911e-163,2.71071203601376e-160,-,1601998,1602041,106137,106177,+,44,41,1597554,1602520,106078,106185,0.2922,0.1657,0.3731,0.2,0.0876,0.5614,0.0,1.0,0.0183,1.0
104,VC1141,CDS,NC_002505,Spot42,sRNA,NC_002505,1165,2,0.0,0.0,+,1209735,1209779,106139,106176,+,45,37,1209455,1211897,106077,106185,0.2498,0.1983,0.3742,0.2343,0.0569,0.5807,0.0,1.0,0.0092,1.0
106,ligA,3UTR,NC_002505,Spot42,sRNA,NC_002505,1143,2,0.0,0.0,+,1037314,1037352,106131,106172,+,39,42,1035384,1037480,106078,106185,0.2546,0.1802,0.3937,0.2073,1.0,0.5076,0.0662,1.0,0.0183,1.0
112,hfq,CDS,NC_002505,Spot42,sRNA,NC_002505,1102,2,7.099984066098689e-128,4.35538296562457e-125,+,370144,370185,106137,106174,+,42,38,370055,370415,106078,106185,0.3775,0.1597,0.5681,0.1996,0.1357,0.5632,0.0,1.0,0.0183,1.0
114,Vcr229:VCA0946,IGR,NC_002506,Spot42,sRNA,NC_002505,1071,2,0.0,0.0,+,897742,897784,106141,106176,+,42,36,897705,897825,106078,106185,0.3249,0.1979,0.4407,0.2344,0.5769,0.5964,0.0,1.0,0.0183,1.0
115,Vcr026,sRNA,NC_002505,Spot42,sRNA,NC_002505,1062,2,2.88999483252842e-215,2.66548090298591e-212,-,523172,523208,106141,106178,+,37,39,522799,523436,106079,106186,0.2533,0.1723,0.3992,0.2147,0.4202,0.5928,0.0,1.0,0.0275,1.0
122,VC0112,CDS,NC_002505,Spot42,sRNA,NC_002505,1026,2,2.9690434075037604e-110,1.6441909577829002e-107,+,107415,107449,106133,106171,+,35,39,107342,108080,106077,106185,0.2086,0.1764,0.2856,0.2037,0.0596,0.5224,0.0,1.0,0.0092,1.0
126,aspA,CDS,NC_002505,Spot42,sRNA,NC_002505,981,2,1.07305768497297e-05,0.0003455538613582,+,2865329,2865374,106140,106176,+,46,37,2864848,2866410,106077,106185,0.3486,0.2151,0.5372,0.2457,0.2865,0.5887,0.0,1.0,0.0092,1.0
129,VCA0570,CDS,NC_002506,Spot42,sRNA,NC_002505,965,2,0.0,0.0,-,508475,508507,106134,106178,+,33,45,508221,508600,106078,106185,0.2725,0.1461,0.3223,0.1751,0.39,0.5349,0.0,1.0,0.0183,1.0
138,glpK,CDS,NC_002506,Spot42,sRNA,NC_002505,898,2,0.0,0.0,-,689575,689617,106143,106179,+,43,37,688178,689706,106077,106185,0.3419,0.1626,0.9543,0.1893,0.0236,0.6129,0.0,0.9446,0.0092,1.0
147,VC2341,CDS,NC_002505,Spot42,sRNA,NC_002505,843,2,0.0,0.0,+,2493585,2493621,106141,106175,+,37,35,2493500,2494961,106120,106184,0.3013,0.2384,0.3654,0.2823,0.0179,0.5935,0.0,0.8102,0.4037,0.9908
151,infC,CDS,NC_002506,Spot42,sRNA,NC_002505,827,2,1.93039220737857e-41,4.64316936293958e-39,+,308776,308817,106141,106177,+,42,37,308500,309045,106079,106185,0.3168,0.1693,0.6288,0.2092,0.5942,0.5983,0.0,1.0,0.0275,1.0
153,VCA0220,5UTR,NC_002506,Spot42,sRNA,NC_002505,805,2,2.7e-320,3.3775e-317,+,240073,240111,106131,106171,+,39,41,240005,241701,106078,106185,0.3068,0.1627,0.6124,0.195,0.0,0.5076,0.0,0.9642,0.0183,1.0
158,VC0620,CDS,NC_002505,Spot42,sRNA,NC_002505,759,2,2.4016494130300303e-25,3.61333051292847e-23,-,657226,657266,106139,106175,+,42,37,655701,657471,106080,106184,0.2872,0.2055,0.5876,0.2292,0.0583,0.5782,0.0,0.9713,0.0367,0.9908
161,VC2613:VC2614,IGR,NC_002505,Spot42,sRNA,NC_002505,745,2,3.4371182690427e-294,3.98366569928423e-291,+,2782142,2782183,106148,106177,+,42,31,2782132,2782190,106078,106185,0.1839,0.1275,0.294,0.1477,0.8616,0.6578,0.0,1.0,0.0183,1.0
165,gltA,CDS,NC_002505,Spot42,sRNA,NC_002505,724,2,2.36114564214676e-222,2.25719491265327e-219,+,2253351,2253393,106141,106176,+,43,36,2253120,2254386,106078,106185,0.3287,0.2058,0.5028,0.2348,0.1793,0.5973,0.0,0.9459,0.0183,1.0
166,VC0478,CDS,NC_002505,Spot42,sRNA,NC_002505,719,2,3.1640325333317502e-201,2.6995999663951702e-198,+,509804,509845,106137,106174,+,41,38,509326,510439,106078,106185,0.4089,0.2225,0.6106,0.2629,0.4085,0.5597,0.0,0.961,0.0183,1.0
175,VC2614,CDS,NC_002505,Spot42,sRNA,NC_002505,694,2,1.63266443483241e-191,1.3448277486374101e-188,+,2782251,2782288,106139,106176,+,39,38,2782141,2782888,106078,106185,0.2867,0.17,0.4366,0.2003,0.0496,0.5808,0.0,0.9984,0.0183,1.0
181,smpB,CDS,NC_002505,Spot42,sRNA,NC_002505,672,2,2.17993511581267e-172,1.62679676475961e-169,-,914816,914860,106136,106173,+,44,38,914676,915260,106077,106185,0.4554,0.1771,0.6354,0.1994,0.8136,0.5521,0.0,1.0,0.0092,1.0
185,lamB,5UTR,NC_002506,Spot42,sRNA,NC_002505,663,2,4.92348999488435e-124,2.95113088967969e-121,-,977003,977039,106122,106165,+,38,44,975684,977074,106077,106185,0.3228,0.1659,0.4148,0.2187,0.0,0.4244,0.0,1.0,0.0092,1.0
191,VC0684,CDS,NC_002505,Spot42,sRNA,NC_002505,644,2,0.0,0.0,+,732206,732244,106139,106179,+,40,40,732134,732559,106101,106185,0.382,0.1661,0.6211,0.2174,0.0334,0.5815,0.0,0.7581,0.2294,1.0
192,VC0964,CDS,NC_002505,Spot42,sRNA,NC_002505,641,2,1.93403061416316e-282,2.1649323802652e-279,-,1029626,1029658,106137,106175,+,32,40,1029238,1029705,106078,106185,0.3183,0.209,0.4041,0.2527,0.0483,0.5559,0.0,0.8114,0.0183,1.0
194,era,CDS,NC_002505,Spot42,sRNA,NC_002505,628,2,3.56645e-315,4.305001138e-312,-,2642674,2642717,106139,106175,+,44,37,2642484,2643451,106085,106185,0.4013,0.1799,0.6306,0.2213,0.8423,0.5764,0.0471,1.0,0.0826,1.0
205,VC1837,CDS,NC_002505,Spot42,sRNA,NC_002505,585,2,1.38470397712199e-25,2.1050795453012301e-23,-,1979031,1979073,106142,106177,+,43,36,1978499,1979577,106079,106185,0.359,0.1966,0.5111,0.2564,0.4916,0.6046,0.0,0.9888,0.0275,1.0
207,VC2738,CDS,NC_002505,Spot42,sRNA,NC_002505,584,2,2.42847267221298e-173,1.83316094046527e-170,+,2910334,2910372,106135,106174,+,40,40,2909845,2911639,106077,106185,0.3185,0.1575,0.411,0.1781,0.2194,0.5458,0.0,0.9975,0.0092,1.0
220,VC0419,CDS,NC_002505,Spot42,sRNA,NC_002505,547,2,3.68769433621852e-89,1.67990189799317e-86,+,445408,445449,106143,106178,+,42,36,445183,446688,106080,106185,0.3382,0.1865,0.5137,0.2176,0.1657,0.6135,0.0,1.0,0.0367,1.0
228,VC2720,CDS,NC_002505,Spot42,sRNA,NC_002505,532,2,3.7825518680067e-181,2.9933241348944697e-178,+,2894771,2894801,106137,106174,+,31,38,2894677,2895359,106087,106185,0.2594,0.1071,0.3177,0.1372,0.1189,0.5575,0.0,1.0,0.1009,1.0
233,VC2681,CDS,NC_002505,Spot42,sRNA,NC_002505,522,2,5.42819757035358e-34,1.09288684626111e-31,+,2848446,2848490,106138,106172,+,45,36,2848291,2849586,106077,106185,0.3218,0.2126,0.4387,0.2625,0.1207,0.568,0.0,0.9789,0.0092,1.0
241,VC1317,CDS,NC_002505,Spot42,sRNA,NC_002505,500,2,2.79767489832342e-63,9.62962641054061e-61,-,1401059,1401084,106137,106172,+,25,36,1400265,1401283,106082,106184,0.638,0.14,0.676,0.158,0.1974,0.5565,0.0,1.0,0.055,0.9908
242,VCA0843,CDS,NC_002506,Spot42,sRNA,NC_002505,500,2,1.88197455336075e-147,1.28041238593157e-144,+,785857,785897,106136,106173,+,41,38,785500,787299,106080,106185,0.302,0.162,0.402,0.204,0.1106,0.547,0.0,1.0,0.0367,1.0
250,VC1189:VC1198,IGR,NC_002505,Spot42,sRNA,NC_002505,487,2,3.54492275741142e-08,1.78155493535701e-06,+,1264546,1264584,106140,106176,+,39,38,1264343,1267299,106079,106185,0.3101,0.1725,0.501,0.2033,0.0387,0.5852,0.0,0.499,0.0275,1.0
256,Vcr228,sRNA,NC_002506,Spot42,sRNA,NC_002505,485,2,3.2078703278097795e-30,5.75914962340995e-28,+,787354,787390,106124,106167,+,36,44,787261,787432,106077,106185,0.2845,0.132,0.3773,0.1959,0.7486,0.4376,0.0,1.0,0.0092,1.0
266,sdhB,CDS,NC_002505,Spot42,sRNA,NC_002505,467,2,1.6200088573025599e-164,1.17872294459794e-161,-,2249578,2249621,106143,106178,+,44,36,2249483,2250248,106077,106185,0.227,0.2013,0.3426,0.2505,0.9589,0.6103,0.0155,1.0,0.0092,1.0
269,VC1835,CDS,NC_002505,Spot42,sRNA,NC_002505,460,2,5.651880282375109e-147,3.81555815856827e-144,-,1976972,1977030,106140,106176,+,59,38,1976573,1977103,106087,106185,0.2522,0.2348,0.2957,0.2957,0.2241,0.5846,0.0,0.9942,0.1009,1.0
270,tnaA,3UTR,NC_002506,Spot42,sRNA,NC_002505,460,2,9.436757881510141e-260,9.61803910198102e-257,-,178490,178532,106141,106176,+,44,36,178453,179766,106101,106187,0.3913,0.1565,0.6804,0.213,1.0,0.5945,0.1121,1.0,0.2294,1.0
275,gltB,CDS,NC_002505,Spot42,sRNA,NC_002505,446,2,9.91334002762298e-92,4.69560677543487e-89,+,2539834,2539872,106141,106178,+,39,38,2537500,2542089,106085,106185,0.2848,0.1413,0.3767,0.1547,0.4968,0.5983,0.0,0.9935,0.0826,1.0
278,VC0637,CDS,NC_002505,Spot42,sRNA,NC_002505,440,2,3.42337316219306e-08,1.72609835608347e-06,+,678495,678539,106138,106174,+,46,37,678046,680046,106078,106185,0.325,0.1841,0.5023,0.2341,0.2226,0.5677,0.0,0.9934,0.0183,1.0
280,VCA0498,CDS,NC_002506,Spot42,sRNA,NC_002505,438,2,4.57314431546007e-136,2.95771778409547e-133,+,431760,431795,106128,106176,+,36,49,431299,431855,106077,106185,0.4041,0.1164,0.6689,0.1347,0.9396,0.4764,0.0,1.0,0.0092,1.0
281,VC2764,CDS,NC_002505,Spot42,sRNA,NC_002505,437,2,4.84629316781345e-100,2.50379387277623e-97,-,2950332,2950361,106137,106176,+,30,40,2950107,2951455,106080,106184,0.3135,0.1007,0.4188,0.1144,0.8534,0.5561,0.0527,1.0,0.0367,0.9908
288,VC2412,CDS,NC_002505,Spot42,sRNA,NC_002505,428,2,6.779015585541259e-36,1.42739148346457e-33,-,2582603,2582638,106131,106173,+,36,44,2581246,2582865,106078,106185,0.3131,0.1822,0.4206,0.2173,0.081,0.5003,0.0,1.0,0.0183,1.0
296,VC1149,CDS,NC_002505,Spot42,sRNA,NC_002505,423,2,3.09874886889564e-102,1.62660717930244e-99,-,1221648,1221689,106139,106176,+,42,38,1220226,1221999,106076,106184,0.357,0.1773,0.4184,0.2128,0.192,0.5804,0.0,1.0,0.0,0.9908
297,nhaB,3UTR,NC_002505,Spot42,sRNA,NC_002505,422,2,3.2016359736278e-100,1.65736545854574e-97,+,2051131,2051170,106139,106175,+,40,37,2049534,2051206,106087,106184,0.3578,0.2062,0.4289,0.263,1.0,0.5772,0.0,1.0,0.1009,0.9908
312,VCA0160,CDS,NC_002506,Spot42,sRNA,NC_002505,407,2,5.4274062223551e-243,5.42610115902682e-240,-,178409,178445,106138,106177,+,37,40,177250,178486,106082,106185,0.2703,0.1794,0.4128,0.2113,0.0156,0.5713,0.0,0.9538,0.055,1.0
314,Thr leader,CDS,NC_002505,Spot42,sRNA,NC_002505,406,2,1.73619319000632e-125,1.04545571404755e-122,-,2522450,2522484,106142,106177,+,35,36,2522382,2522716,106103,106184,0.2956,0.2044,0.3892,0.2586,0.3353,0.6049,0.0,0.7531,0.2477,0.9908
333,VC0900,CDS,NC_002505,Spot42,sRNA,NC_002505,371,2,2.53668309957466e-42,6.221452818851009e-40,-,959437,959478,106139,106176,+,42,38,958760,960394,106073,106185,0.3639,0.1887,0.4609,0.2534,0.6205,0.5793,0.0127,1.0,0.0,1.0
334,VC0658,CDS,NC_002505,Spot42,sRNA,NC_002505,371,2,3.35805202076711e-206,2.9125763978929603e-203,-,703260,703298,106147,106182,+,39,36,703093,703461,106088,106185,0.5391,0.1509,0.7197,0.1752,0.1973,0.6473,0.0997,0.2786,0.1101,1.0
338,VC1367,CDS,NC_002505,Spot42,sRNA,NC_002505,364,2,2.67369267269386e-25,4.01340422697657e-23,-,1458034,1458073,106141,106179,+,40,38,1456026,1458355,106083,106185,0.1648,0.1538,0.1978,0.2033,0.0649,0.6009,0.0,1.0,0.0642,1.0
359,VC0847,CDS,NC_002505,Spot42,sRNA,NC_002505,328,2,2.9916085472969497e-22,4.00210913203943e-20,-,913395,913429,106123,106176,+,35,54,912679,914124,106078,106185,0.2561,0.1433,0.2927,0.1463,0.5746,0.433,0.0,1.0,0.0183,1.0
361,yajC,CDS,NC_002505,Spot42,sRNA,NC_002505,325,2,8.19070572842735e-160,5.7985105037488505e-157,+,795703,795746,106146,106180,+,44,36,795457,795848,106096,106184,0.2862,0.1569,0.5785,0.1754,0.785,0.6404,0.0,1.0,0.1835,0.9908
366,VC0236,CDS,NC_002505,Spot42,sRNA,NC_002505,322,2,4.88932039432433e-41,1.1621541888639998e-38,-,241148,241181,106142,106179,+,35,37,240392,241447,106105,106184,0.2671,0.177,0.3385,0.2609,0.2811,0.6082,0.0,1.0,0.2661,0.9908
370,Spot42,sRNA,NC_002505,VC1902,5UTR,NC_002505,318,2,7.985691330142291e-144,5.33609191312113e-141,+,106120,106163,2051171,2051206,+,43,36,106077,106173,2051168,2051210,0.6572,0.1415,0.8428,0.2075,0.7946,0.0,0.0092,0.8899,0.0,0.0
371,VC1012,CDS,NC_002505,Spot42,sRNA,NC_002505,318,2,4.42261698296632e-15,4.05051407226311e-13,-,1081153,1081193,106141,106176,+,42,36,1080991,1081650,106080,106185,0.3711,0.2044,0.4182,0.2421,0.8172,0.599,0.0983,1.0,0.0367,1.0
373,VC2416,CDS,NC_002505,Spot42,sRNA,NC_002505,316,2,2.41906412586199e-34,4.9387560400305e-32,+,2589536,2589591,106135,106175,+,55,41,2588831,2590979,106079,106184,0.2975,0.212,0.4494,0.231,0.3842,0.5414,0.0,1.0,0.0275,0.9908
383,VCA0677,CDS,NC_002506,Spot42,sRNA,NC_002505,313,2,5.4074230096399504e-74,2.1235444690795498e-71,+,612426,612465,106132,106171,+,40,40,612199,612556,106078,106185,0.3514,0.2141,0.4601,0.2875,0.7239,0.5165,0.0,0.9912,0.0183,1.0
385,VCA0560,CDS,NC_002506,Spot42,sRNA,NC_002505,312,2,5.99346735996922e-62,2.02569143208808e-59,-,498063,498101,106144,106180,+,39,37,497388,498934,106087,106184,0.25,0.2051,0.4487,0.2692,0.6888,0.6254,0.0,1.0,0.1009,0.9908
400,VC0573,CDS,NC_002505,Spot42,sRNA,NC_002505,305,2,5.15059091186785e-13,4.09199372666645e-11,+,604223,604265,106137,106172,+,43,36,604128,604810,106079,106185,0.4623,0.1574,1.1344,0.177,0.0783,0.5601,0.0,0.9966,0.0275,1.0
404,VC0846,3UTR,NC_002505,Spot42,sRNA,NC_002505,304,2,2.64143097272258e-75,1.0531027468828599e-72,-,911433,911464,106125,106175,+,32,51,911294,912449,106080,106185,0.1974,0.125,0.3224,0.1382,1.0,0.4478,0.0,1.0,0.0367,1.0
415,lolA,CDS,NC_002505,Spot42,sRNA,NC_002505,296,2,3.34332732853928e-84,1.47679785911567e-81,+,1177378,1177411,106124,106178,+,34,56,1177015,1177682,106074,106185,0.2095,0.152,0.2601,0.1655,0.5948,0.4372,0.0,1.0,0.0,1.0
426,VC1392,5UTR,NC_002505,Spot42,sRNA,NC_002505,288,2,1.67956684434676e-110,9.32077755312833e-108,+,1483112,1483153,106133,106171,+,41,39,1483065,1483679,106078,106185,0.3437,0.184,0.5035,0.2188,0.0,0.5264,0.0,0.3402,0.0183,1.0
429,VCA0936,CDS,NC_002506,Spot42,sRNA,NC_002505,286,2,2.59973118820172e-36,5.53180981514212e-34,+,887465,887504,106139,106176,+,40,37,887302,888385,106081,106185,0.3287,0.1853,0.3846,0.2308,0.0913,0.5815,0.0,1.0,0.0459,1.0
433,oppA,CDS,NC_002505,Spot42,sRNA,NC_002505,284,2,0.0043282167371097,0.0452804944060855,+,1159367,1159411,106139,106175,+,45,38,1158603,1160375,106079,106184,0.3662,0.2183,0.4859,0.25,0.4554,0.5737,0.0,1.0,0.0275,0.9908
436,VC1130,CDS,NC_002505,Spot42,sRNA,NC_002505,283,2,1.68530832467004e-39,3.88937979417707e-37,-,1198425,1198463,106135,106173,+,39,39,1198236,1198646,106085,106184,0.2968,0.159,0.371,0.1979,0.3746,0.5416,0.0,0.8329,0.0826,0.9908
455,VC1197,CDS,NC_002505,Spot42,sRNA,NC_002505,268,2,6.376722300287391e-68,2.32956695839662e-65,-,1269663,1269705,106139,106177,+,43,39,1269427,1270154,106079,106185,0.3172,0.2388,0.4403,0.3022,0.6694,0.5763,0.0,1.0,0.0275,1.0
458,VC0432,CDS,NC_002505,Spot42,sRNA,NC_002505,263,2,3.04206092875462e-34,6.18655522899999e-32,+,462259,462303,106139,106175,+,45,37,462057,463149,106084,106185,0.2966,0.2357,0.346,0.2852,0.0644,0.5798,0.0,0.969,0.0734,1.0
462,VC2367,CDS,NC_002505,Spot42,sRNA,NC_002505,262,2,8.862367221499301e-106,4.766697911494579e-103,-,2524174,2524215,106145,106180,+,42,36,2523859,2524249,106102,106184,0.3092,0.3588,0.4351,0.4237,0.1581,0.6303,0.0,0.9817,0.2385,0.9908
465,VCA0517,CDS,NC_002506,Spot42,sRNA,NC_002505,261,2,9.796424376774649e-18,1.05598601316017e-15,-,446964,447005,106142,106175,+,43,34,446889,447755,106077,106184,0.4023,0.1609,0.5096,0.1916,0.95,0.6015,0.1196,1.0,0.0092,0.9908
477,VCA0874,CDS,NC_002506,Spot42,sRNA,NC_002505,253,2,1.54040935591843e-14,1.36314258601758e-12,+,827579,827621,106136,106176,+,43,41,827230,827978,106078,106185,0.3399,0.166,0.4545,0.1858,0.5257,0.5481,0.0,1.0,0.0183,1.0
486,VC1215,CDS,NC_002505,Spot42,sRNA,NC_002505,249,2,8.924272340276709e-50,2.48416272475564e-47,+,1293566,1293601,106120,106175,+,35,56,1293069,1293718,106079,106185,0.3655,0.1205,0.4096,0.1325,0.9005,0.4062,0.0,1.0,0.0275,1.0
492,VC0265,CDS,NC_002505,Spot42,sRNA,NC_002505,245,2,1.63288520056944e-47,4.37334407752103e-45,-,271225,271267,106142,106178,+,43,37,270539,271871,106080,106184,0.2612,0.2082,0.4653,0.2367,0.5736,0.6067,0.0517,1.0,0.0367,0.9908
497,VCA0867,CDS,NC_002506,Spot42,sRNA,NC_002505,241,2,4.12262793990205e-25,6.14959450281392e-23,-,820000,820041,106140,106177,+,42,38,819654,820305,106077,106184,0.3402,0.1909,0.6473,0.2531,0.4013,0.5833,0.0,0.9311,0.0092,0.9908
504,Vcr069:VC1803,IGR,NC_002505,Spot42,sRNA,NC_002505,240,2,1.76065349586666e-38,3.9722678272767096e-36,+,1944241,1944279,106143,106181,+,39,39,1944154,1947881,106103,106183,0.5833,0.1625,0.6708,0.1833,0.307,0.6141,0.284,0.9714,0.2477,0.9817
513,VC2298,CDS,NC_002505,Spot42,sRNA,NC_002505,232,2,1.84314236286562e-97,9.30225782470005e-95,+,2453219,2453256,106142,106177,+,38,36,2452858,2453487,106098,106184,0.4138,0.1681,0.6164,0.194,0.6243,0.6088,0.0,0.9968,0.2018,0.9908
517,VC1964,CDS,NC_002505,Spot42,sRNA,NC_002505,230,2,4.07962104731939e-65,1.44016670926105e-62,-,2114800,2114843,106138,106175,+,45,38,2114181,2115132,106078,106185,0.2783,0.1652,0.4087,0.2087,0.3194,0.5677,0.0,1.0,0.0183,1.0
532,VC1096:VC1099,IGR,NC_002505,Spot42,sRNA,NC_002505,226,2,2.4892118535376e-89,1.13789997431078e-86,+,1168889,1168930,106140,106176,+,42,37,1168846,1169149,106092,106185,0.2743,0.1504,0.5752,0.1681,0.9316,0.588,0.9088,0.991,0.1468,1.0
537,rpmH,5UTR,NC_002505,Spot42,sRNA,NC_002505,223,2,1.25512034105795e-28,2.12241740978499e-26,-,4654,4696,106140,106175,+,43,36,4465,4772,106077,106184,0.4126,0.1525,0.5695,0.2332,0.0,0.5859,0.0,1.0,0.0092,0.9908
539,VC0093,CDS,NC_002505,Spot42,sRNA,NC_002505,221,2,2.08583755237617e-26,3.27160497578896e-24,+,91080,91123,106145,106180,+,43,36,90867,93319,106099,106184,0.2443,0.2851,0.6833,0.3348,0.0662,0.6311,0.0,0.9716,0.211,0.9908
540,VC1745,CDS,NC_002505,Spot42,sRNA,NC_002505,221,2,1.3113778519554699e-83,5.77308202365817e-81,-,1880936,1880972,106143,106178,+,37,36,1880177,1881534,106120,106184,0.2353,0.2353,0.4299,0.3303,0.5199,0.6163,0.1119,1.0,0.4037,0.9908
547,VC2350,CDS,NC_002505,Spot42,sRNA,NC_002505,218,2,3.15705525391853e-14,2.71933437042308e-12,-,2507207,2507250,106137,106172,+,44,36,2507014,2508063,106078,106185,0.344,0.1835,0.4358,0.2477,0.8255,0.5559,0.0,1.0,0.0183,1.0
548,VC0259,CDS,NC_002505,Spot42,sRNA,NC_002505,217,2,4.16344045125398e-23,5.7428072747768e-21,-,264915,264950,106132,106174,+,36,43,264263,265376,106078,106185,0.3779,0.1521,0.7604,0.2028,0.4052,0.5105,0.0,0.9919,0.0183,1.0
550,VC0082,CDS,NC_002505,Spot42,sRNA,NC_002505,215,2,9.85413000386505e-37,2.11918000888538e-34,+,80547,80589,106143,106178,+,44,36,80086,81598,106086,106185,0.3163,0.1953,0.4698,0.2372,0.3325,0.6119,0.0058,0.987,0.0917,1.0
564,VC1150,CDS,NC_002505,Spot42,sRNA,NC_002505,204,2,1.1939053529818902e-09,7.18254447505784e-08,-,1222535,1222575,106136,106172,+,42,37,1222068,1222681,106079,106184,0.4265,0.1814,0.6176,0.2255,0.0952,0.5533,0.0,1.0,0.0275,0.9908
567,VC2381,CDS,NC_002505,Spot42,sRNA,NC_002505,203,2,1.2377115820826199e-114,7.0941457040695e-112,+,2546351,2546386,106141,106178,+,36,39,2545975,2546410,106096,106185,0.2709,0.2217,0.3054,0.2956,0.5615,0.5928,0.0663,0.5904,0.1835,1.0
577,VCA0571,CDS,NC_002506,Spot42,sRNA,NC_002505,199,2,1.95808471686752e-38,4.4101017754267093e-36,-,508794,508828,106144,106180,+,35,37,508587,509025,106079,106184,0.206,0.2362,0.3367,0.2814,0.5051,0.6203,0.0,1.0,0.0275,0.9908
592,mnmA,CDS,NC_002505,Spot42,sRNA,NC_002505,195,2,3.9187446092976595e-34,7.92024850868519e-32,-,1196434,1196464,106140,106179,+,31,40,1195736,1196589,106105,106184,0.441,0.159,0.5179,0.1795,0.1063,0.5861,0.0,0.7308,0.2661,0.9908
597,VC0823,CDS,NC_002505,Spot42,sRNA,NC_002505,193,2,1.21852088287003e-21,1.5792959153702502e-19,+,885040,885071,106130,106171,+,32,43,884721,885644,106079,106185,0.3834,0.1969,0.3938,0.2383,0.3693,0.491,0.0,0.9797,0.0275,1.0
600,VC0714,CDS,NC_002505,Spot42,sRNA,NC_002505,193,2,1.83395628997444e-07,8.34130811045934e-06,+,768276,768306,106136,106179,+,32,44,768200,768542,106078,106184,0.3057,0.1606,0.4249,0.1917,0.2734,0.5504,0.0,1.0,0.0183,0.9908
603,VC2483,CDS,NC_002505,Spot42,sRNA,NC_002505,192,2,1.1112585425201301e-67,4.04839678514738e-65,-,2662663,2662705,106142,106177,+,42,36,2662318,2663213,106104,106184,0.3229,0.2656,0.5573,0.3333,0.5895,0.6082,0.2702,0.7902,0.2569,0.9908
636,fadB,CDS,NC_002505,Spot42,sRNA,NC_002505,179,2,8.258623828610099e-41,1.95591243200239e-38,+,2942343,2942382,106133,106170,+,41,38,2942236,2944286,106079,106184,0.3073,0.1788,0.3575,0.1955,0.0278,0.5267,0.0,0.9047,0.0275,0.9908
647,VC1483,CDS,NC_002505,Spot42,sRNA,NC_002505,175,2,1.68689422251296e-44,4.28574211408707e-42,+,1588884,1588925,106131,106165,+,43,35,1588429,1588985,106079,106185,0.3429,0.1771,0.4229,0.2171,0.9659,0.5007,0.0077,1.0,0.0275,1.0
658,hslU,CDS,NC_002505,Spot42,sRNA,NC_002505,172,2,6.18129104535136e-06,0.0002100556347361,-,2842248,2842294,106141,106177,+,47,37,2841279,2842610,106080,106184,0.2733,0.1744,0.4535,0.1977,0.2305,0.5973,0.0,0.9587,0.0367,0.9908
659,glnA,CDS,NC_002505,Spot42,sRNA,NC_002505,172,2,8.70434082366008e-27,1.38348842374214e-24,+,2919144,2919187,106141,106179,+,44,39,2919022,2920376,106085,106184,0.2442,0.1395,0.3198,0.1512,0.0737,0.5973,0.0,0.9177,0.0826,0.9908
664,VCA0265,CDS,NC_002506,Spot42,sRNA,NC_002505,171,2,7.95315858298675e-49,2.16551611200811e-46,+,282304,282337,106130,106173,+,34,44,282270,282867,106079,106185,0.2982,0.1345,0.3275,0.1637,0.1065,0.4942,0.0,1.0,0.0275,1.0
665,groEL,CDS,NC_002505,Spot42,sRNA,NC_002505,171,2,2.32069784964657e-08,1.19472608616917e-06,-,2833222,2833261,106134,106172,+,40,39,2832607,2834297,106077,106184,0.2807,0.1754,0.3626,0.2164,0.6318,0.5367,0.0,1.0,0.0092,0.9908
680,VC0493,CDS,NC_002505,Spot42,sRNA,NC_002505,167,2,0.0001687620761406,0.0037109664152163,-,527054,527097,106143,106177,+,45,35,526883,528112,106077,106184,0.4072,0.1557,0.5509,0.1617,0.99,0.614,0.0,1.0,0.0092,0.9908
684,VCA0679,CDS,NC_002506,Spot42,sRNA,NC_002505,166,2,1.37446963220478e-08,7.28204797837428e-07,+,615173,615215,106145,106180,+,43,36,615135,615591,106116,106185,0.3976,0.2651,0.7952,0.3253,0.2257,0.6331,0.0505,1.0,0.367,1.0
699,VC1585:VC1588,IGR,NC_002505,Spot42,sRNA,NC_002505,161,2,9.20367510081673e-123,5.4790523747332604e-120,-,1698695,1698718,106130,106179,+,24,50,1698675,1698742,106108,106183,0.2298,0.0745,0.2298,0.087,0.2264,0.4965,0.1426,0.262,0.2936,0.9817
704,VC0558,CDS,NC_002505,Spot42,sRNA,NC_002505,161,2,1.2417942315757699e-30,2.25257517753645e-28,-,593228,593262,106139,106179,+,34,41,592327,593583,106085,106183,0.2422,0.1677,0.2733,0.1988,0.2707,0.5737,0.0,0.975,0.0826,0.9817
712,VC2604,CDS,NC_002505,Spot42,sRNA,NC_002505,159,2,9.16683681400796e-10,5.57884232005298e-08,-,2774229,2774272,106140,106176,+,43,37,2773879,2774578,106078,106184,0.3145,0.2013,0.3962,0.2327,0.4872,0.5907,0.0,1.0,0.0183,0.9908
715,VC0184,CDS,NC_002505,Spot42,sRNA,NC_002505,159,2,3.86470295766581e-43,9.58625661573968e-41,-,187449,187482,106132,106169,+,34,38,186470,188046,106080,106185,0.239,0.1761,0.3019,0.195,0.4268,0.5149,0.0729,1.0,0.0367,1.0
719,malS,CDS,NC_002506,Spot42,sRNA,NC_002505,159,2,1.77116237613132e-11,1.2518428475896101e-09,+,809317,809356,106132,106169,+,40,38,809209,811344,106076,106184,0.3145,0.1384,0.5157,0.1887,0.0419,0.5119,0.0,1.0,0.0,0.9908
720,VC2338,CDS,NC_002505,Spot42,sRNA,NC_002505,159,2,5.4582707817801305e-09,3.04131689803689e-07,-,2490156,2490178,106135,106180,+,22,47,2487598,2490277,106117,106185,0.1572,0.0629,0.1572,0.0629,0.1531,0.54,0.1146,0.9697,0.3761,1.0
727,VC0267:VC0271,IGR,NC_002505,Spot42,sRNA,NC_002505,157,2,1.66677323098289e-08,8.73179159607928e-07,-,275686,275722,106134,106176,+,37,44,273708,276662,106078,106185,0.1656,0.2229,0.1911,0.2803,0.3385,0.5285,0.0283,0.9673,0.0183,1.0
745,VC1248,CDS,NC_002505,Spot42,sRNA,NC_002505,152,2,6.47051825328767e-42,1.57956024204232e-39,-,1320671,1320708,106142,106178,+,38,38,1319301,1320941,106079,106184,0.2632,0.2632,0.3355,0.3684,0.1147,0.6015,0.0,0.9658,0.0275,0.9908
746,tsf,CDS,NC_002505,Spot42,sRNA,NC_002505,152,2,5.46959081994784e-08,2.68998912993743e-06,-,2414844,2414888,106136,106173,+,45,37,2414388,2415328,106080,106185,0.2961,0.2105,0.5132,0.2434,0.4925,0.5528,0.0,1.0,0.0367,1.0
748,VC0516,CDS,NC_002505,Spot42,sRNA,NC_002505,151,2,1.7973748990796803e-15,1.69108832234279e-13,-,549816,549856,106140,106175,+,41,36,549135,550058,106085,106185,0.9404,0.2252,1.9007,0.2517,0.1649,0.5906,0.0,0.7139,0.0826,1.0
755,VC2481,CDS,NC_002505,Spot42,sRNA,NC_002505,150,2,2.8557668878239e-36,6.06183963773038e-34,+,2660710,2660748,106140,106178,+,39,38,2659875,2661178,106080,106185,0.3667,0.2667,0.5733,0.36,0.6087,0.5898,0.0,0.9585,0.0367,1.0
757,VCA1055,CDS,NC_002506,Spot42,sRNA,NC_002505,150,2,2.1180775705972098e-70,7.95986921964881e-68,+,1004501,1004529,106139,106177,+,28,39,1004476,1005182,106080,106184,0.1933,0.1133,0.2533,0.1467,0.0657,0.5783,0.0087,0.7736,0.0367,0.9908
759,VC0033:VC0039,IGR,NC_002505,Spot42,sRNA,NC_002505,149,2,1.21183655844866e-28,2.05187351396487e-26,+,35814,35855,106143,106180,+,41,37,35488,36014,106078,106184,0.3289,0.2349,0.4161,0.4094,0.7953,0.6189,0.704,0.835,0.0183,0.9908
770,VCA0544,CDS,NC_002506,Spot42,sRNA,NC_002505,146,2,0.0003824203067392,0.0073454592569002,-,480952,480987,106142,106178,+,36,37,480399,481770,106100,106185,0.2534,0.1712,0.3082,0.2397,0.4784,0.6071,0.0,0.8107,0.2202,1.0
772,VC0556,CDS,NC_002505,Spot42,sRNA,NC_002505,146,2,4.64450114083389e-09,2.61290097793515e-07,+,590969,591007,106141,106180,+,39,39,590569,591626,106109,106185,0.6438,0.1986,0.8014,0.2466,0.5861,0.5992,0.3081,0.9797,0.3028,1.0
773,nhaR,CDS,NC_002505,Spot42,sRNA,NC_002505,145,2,1.79889221457741e-48,4.86270825603469e-46,+,724894,724927,106140,106179,+,34,39,724029,725065,106092,106185,0.4276,0.1793,0.5379,0.2345,0.9793,0.589,0.0,1.0,0.1468,1.0
796,VCA0194,CDS,NC_002506,Spot42,sRNA,NC_002505,138,2,5.66251970863446e-28,9.35197619748162e-26,-,211155,211197,106142,106177,+,43,36,210937,211895,106084,106185,0.2899,0.1957,0.4348,0.2029,0.9266,0.6072,0.0475,1.0,0.0734,1.0
798,rfaD:VC0259,IGR,NC_002505,Spot42,sRNA,NC_002505,138,2,0.0035232507706342,0.0394245413951585,-,253136,253173,106138,106176,+,38,39,246507,264112,106079,106184,0.3768,0.1667,0.6014,0.1812,0.6149,0.571,0.0004,0.986,0.0275,0.9908
802,VC2147:VC2150,IGR,NC_002505,Spot42,sRNA,NC_002505,136,2,3.19542786241293e-56,9.76663696612433e-54,+,2302744,2302770,106132,106179,+,28,48,2302526,2302800,106108,106184,0.2353,0.0809,0.2353,0.0809,0.912,0.5138,0.3069,0.9851,0.2936,0.9908
823,VCA0801,CDS,NC_002506,Spot42,sRNA,NC_002505,132,2,7.04819977861314e-11,4.75698094669052e-09,+,742726,742763,106143,106179,+,38,37,741897,743262,106087,106184,0.3485,0.2576,0.5909,0.2803,0.6533,0.6114,0.0,1.0,0.1009,0.9908
830,VC0355,CDS,NC_002505,Spot42,sRNA,NC_002505,130,2,6.89496501176684e-10,4.25853914238899e-08,+,376972,377011,106135,106174,+,40,41,376591,377287,106077,106185,0.3846,0.1385,0.5,0.1769,0.6139,0.539,0.0319,0.9958,0.0092,1.0
851,VCA0112,CDS,NC_002506,Spot42,sRNA,NC_002505,127,2,2.0077228956020697e-49,5.52993598428308e-47,+,123198,123240,106146,106181,+,43,36,122149,123483,106128,106185,0.3701,0.189,0.5118,0.2835,0.7875,0.6424,0.0538,0.9509,0.4771,1.0
863,VC0137,CDS,NC_002505,Spot42,sRNA,NC_002505,124,2,8.76904101394711e-07,3.56390426077621e-05,+,131979,132024,106141,106177,+,45,38,131374,132609,106079,106185,0.3387,0.2097,0.3871,0.2339,0.5208,0.5918,0.0,0.9984,0.0275,1.0
869,VCA1115,CDS,NC_002506,Spot42,sRNA,NC_002505,124,2,2.09189571602092e-10,1.352950341154e-08,-,1071926,1071966,106138,106174,+,42,37,1071081,1072260,106086,106185,0.3387,0.1935,0.5968,0.2258,0.2407,0.5693,0.0,0.9313,0.0917,1.0
891,VCA1043:MtlS,IGR,NC_002506,Spot42,sRNA,NC_002505,120,2,2.29501486366393e-20,2.80256087805846e-18,-,994496,994529,106141,106176,+,34,36,994482,994736,106078,106185,0.3833,0.3667,0.4,0.4667,0.8676,0.5959,0.0635,0.913,0.0183,1.0
913,VC0583:VC0586,IGR,NC_002505,Spot42,sRNA,NC_002505,116,2,1.61221105026916e-61,5.41407340864556e-59,-,613839,613879,106144,106179,+,41,36,613505,613895,106105,106183,0.5,0.1983,0.5862,0.25,0.2076,0.6236,0.1316,0.6608,0.2661,0.9817
920,VCA0092:VCA0097,IGR,NC_002506,Spot42,sRNA,NC_002505,115,2,8.98926914445798e-64,3.1187048899230304e-61,-,103605,103636,106145,106181,+,32,37,103547,103941,106085,106184,0.1652,0.1739,0.1826,0.2087,0.2004,0.634,0.0761,0.2217,0.0826,0.9908
922,VC2626,CDS,NC_002505,Spot42,sRNA,NC_002505,114,2,9.52036698301308e-08,4.52830282627474e-06,-,2797040,2797081,106143,106178,+,42,36,2796836,2797757,106085,106185,0.4474,0.2544,0.7105,0.2895,0.8465,0.6162,0.0,1.0,0.0826,1.0
923,ispH,CDS,NC_002505,Spot42,sRNA,NC_002505,114,2,5.34475555834223e-29,9.16223322438147e-27,+,732773,732815,106144,106180,+,42,37,732681,733669,106092,106184,0.2807,0.2281,0.4298,0.386,0.109,0.6211,0.0,1.0,0.1468,0.9908
928,nagA,CDS,NC_002505,Spot42,sRNA,NC_002505,113,2,0.0004144894617856,0.0078297796666983,-,1060747,1060782,106139,106174,+,36,37,1059708,1061074,106078,106185,0.4956,0.1416,0.5664,0.1416,0.0952,0.5768,0.0,1.0,0.0183,1.0
930,rdgC,CDS,NC_002505,Spot42,sRNA,NC_002505,113,2,4.10027934638886e-11,2.8196767423341e-09,-,771673,771715,106141,106177,+,43,37,771065,772043,106089,106184,0.2566,0.1416,0.3805,0.1858,0.3907,0.5959,0.0,1.0,0.1193,0.9908
937,VC1890,CDS,NC_002505,Spot42,sRNA,NC_002505,112,2,4.0032947691171697e-16,3.94214669901596e-14,-,2039479,2039523,106138,106175,+,45,38,2038678,2039688,106086,106184,0.2857,0.3214,0.5714,0.4375,0.0142,0.5691,0.0,0.6288,0.0917,0.9908
955,tRNA-Leu-9:flgA,IGR,NC_002505,Spot42,sRNA,NC_002505,109,2,3.53653254273936e-06,0.0001266715061735,+,2345922,2345963,106138,106173,+,42,36,2332894,2347210,106093,106185,0.3853,0.2202,0.5138,0.2569,0.812,0.5656,0.0128,0.8882,0.156,1.0
974,VC0622,CDS,NC_002505,Spot42,sRNA,NC_002505,106,2,2.80362325551345e-05,0.0008028563077286,-,660819,660859,106131,106169,+,41,39,659149,661699,106078,106184,0.3019,0.1792,0.4811,0.2075,0.2372,0.5075,0.0,0.73,0.0183,0.9908
975,VC1831,CDS,NC_002505,Spot42,sRNA,NC_002505,106,2,8.559448361431141e-19,9.74374717708904e-17,-,1973069,1973105,106133,106168,+,37,37,1971639,1973621,106084,106183,0.2736,0.1415,0.3019,0.1604,0.286,0.5213,0.0362,0.933,0.0734,0.9817
997,cysM,CDS,NC_002505,Spot42,sRNA,NC_002505,103,2,9.064686801225501e-36,1.9025455662280497e-33,-,569211,569249,106143,106179,+,39,37,568512,569750,106099,106185,0.3301,0.1942,0.5243,0.1942,0.4105,0.6151,0.0,1.0,0.211,1.0
1001,VC0465:VC0473,IGR,NC_002505,Spot42,sRNA,NC_002505,103,2,1.0611598412817999e-50,3.01471827923895e-48,+,496368,496410,106144,106178,+,43,35,496255,501240,106128,106185,0.3786,0.1359,0.5243,0.1942,0.1006,0.6262,0.0724,0.9793,0.4771,1.0
1008,Vcr223,sRNA,NC_002505,Spot42,sRNA,NC_002505,102,2,6.26674621958339e-17,6.452408429713111e-15,-,2855140,2855175,106135,106179,+,35,46,2855108,2855220,106106,106184,0.2941,0.1275,0.6176,0.1667,0.606,0.5376,0.0,0.875,0.2752,0.9908
1012,glgC:VC1730,IGR,NC_002505,Spot42,sRNA,NC_002505,102,2,1.0892000276201501e-17,1.1697490267927001e-15,-,1866704,1866740,106142,106176,+,38,35,1866675,1866841,106119,106184,0.2549,0.2843,0.2745,0.4314,0.9649,0.6052,0.4635,1.0,0.3945,0.9908
1018,VC0268,CDS,NC_002505,Spot42,sRNA,NC_002505,102,2,1.75753054821405e-07,8.01326856758127e-06,+,273985,274026,106143,106179,+,42,37,273619,274168,106086,106184,0.3039,0.1863,0.4804,0.2059,0.7954,0.6179,0.1022,1.0,0.0917,0.9908
1022,VC0959,CDS,NC_002505,Spot42,sRNA,NC_002505,101,2,7.51974154405699e-16,7.26557927268778e-14,-,1024110,1024152,106134,106169,+,43,36,1023625,1024530,106079,106184,0.3762,0.1287,0.5842,0.198,0.4293,0.5297,0.0,0.984,0.0275,0.9908
1034,VC0961,CDS,NC_002505,Spot42,sRNA,NC_002505,100,2,2.1691628482195e-07,9.76428955102372e-06,-,1025365,1025406,106142,106178,+,42,36,1025034,1026168,106109,106184,0.28,0.2,0.35,0.21,0.6848,0.6072,0.0,0.9846,0.3028,0.9908
1043,secD,CDS,NC_002505,Spot42,sRNA,NC_002505,99,2,3.2403361409366597e-16,3.21379753028598e-14,+,795939,795981,106144,106179,+,43,36,795813,797013,106120,106184,0.303,0.1313,0.4141,0.1515,0.0766,0.6232,0.0,0.6336,0.4037,0.9908
1052,VC2175,CDS,NC_002505,Spot42,sRNA,NC_002505,98,2,1.54526980578581e-07,7.10984256311465e-06,-,2321294,2321343,106141,106178,+,50,38,2320798,2321697,106085,106184,0.3571,0.1837,0.5102,0.3163,0.4475,0.5989,0.0,1.0,0.0826,0.9908
1054,VC0839,CDS,NC_002505,Spot42,sRNA,NC_002505,98,2,5.11839154383146e-21,6.44136762198934e-19,+,901456,901485,106134,106179,+,30,46,900711,901512,106079,106185,0.1939,0.0816,0.2041,0.1633,0.9972,0.5346,0.0,1.0,0.0275,1.0
1068,tRNA-Leu-10:VC2499,IGR,NC_002505,Spot42,sRNA,NC_002505,97,2,9.3680129062227e-40,2.16961025341932e-37,-,2683652,2683689,106137,106173,+,38,37,2683441,2683840,106123,106184,0.2474,0.1546,0.2784,0.1649,0.5575,0.5631,0.195,0.9653,0.4312,0.9908
1092,VC2188,CDS,NC_002505,Spot42,sRNA,NC_002505,94,2,0.0001758566280992,0.0038384894696687,-,2335702,2335742,106142,106178,+,41,36,2334775,2335927,106103,106184,0.4043,0.117,0.617,0.1809,0.0815,0.6086,0.0,0.8955,0.2477,0.9908
1097,VCA0130,CDS,NC_002506,Spot42,sRNA,NC_002505,94,2,1.93043356631263e-12,1.47034596411524e-10,+,144777,144811,106139,106180,+,35,41,144652,145450,106080,106185,0.2766,0.1702,0.3617,0.1809,0.1336,0.5816,0.0,0.8563,0.0367,1.0
1104,VCA0165,CDS,NC_002506,Spot42,sRNA,NC_002505,93,2,1.6068338202942802e-09,9.54397347815018e-08,+,182114,182155,106144,106179,+,42,36,181812,184139,106108,106184,0.3763,0.2151,0.5269,0.2366,0.1297,0.6258,0.0,1.0,0.2936,0.9908
1107,VC1293,CDS,NC_002505,Spot42,sRNA,NC_002505,93,2,1.90192213311117e-31,3.5282137236596297e-29,-,1372336,1372362,106138,106179,+,27,42,1371599,1372563,106091,106183,0.2043,0.0645,0.2473,0.1075,0.327,0.5695,0.1361,0.9462,0.1376,0.9817
1110,VCA1082,CDS,NC_002506,Spot42,sRNA,NC_002505,92,2,3.58796866523869e-16,3.53848549799182e-14,+,1036779,1036804,106138,106181,+,26,44,1035420,1036918,106120,106184,0.3587,0.0326,0.3587,0.0435,0.7487,0.5703,0.0236,0.8083,0.4037,0.9908
1115,VC1156,CDS,NC_002505,Spot42,sRNA,NC_002505,91,2,4.9325730077734905e-21,6.211650845851751e-19,-,1227952,1227988,106143,106179,+,37,37,1227036,1228891,106114,106184,0.2198,0.1758,0.3407,0.2418,0.4678,0.617,0.0,0.9365,0.3486,0.9908
1125,VC2675,CDS,NC_002505,Spot42,sRNA,NC_002505,90,2,0.0012089714517616,0.0182911312401143,-,2842816,2842862,106145,106178,+,47,35,2842567,2843209,106103,106184,0.4333,0.1556,0.5444,0.1667,0.6504,0.629,0.0,1.0,0.2477,0.9908
1129,prpB,CDS,NC_002505,Spot42,sRNA,NC_002505,90,2,1.1764172791809499e-30,2.1384261822125e-28,+,1420574,1420604,106130,106176,+,31,47,1419767,1420741,106101,106183,0.1778,0.0778,0.1889,0.0889,0.9659,0.495,0.0616,1.0,0.2294,0.9817
1143,VC0273,CDS,NC_002505,Spot42,sRNA,NC_002505,88,2,0.0040710266900502,0.0434412562884135,+,278554,278597,106142,106179,+,44,37,278385,278704,106102,106184,0.2955,0.2386,0.3409,0.2841,0.607,0.608,0.0,1.0,0.2385,0.9908
1166,avtA,CDS,NC_002505,Spot42,sRNA,NC_002505,86,2,1.22453586064856e-10,8.079376567523961e-09,-,16055,16094,106138,106176,+,40,39,15348,16623,106076,106185,0.3837,0.1047,0.7907,0.1977,0.3939,0.5655,0.0,0.957,0.0,1.0
1168,VC2044,CDS,NC_002505,Spot42,sRNA,NC_002505,86,2,2.21461660177996e-24,3.20137985000242e-22,-,2202905,2202938,106136,106178,+,33,44,2202640,2203073,106103,106184,0.2093,0.1628,0.2558,0.1628,0.0979,0.5469,0.0,0.8976,0.2477,0.9908
1216,rseB,CDS,NC_002505,Spot42,sRNA,NC_002505,81,2,3.77982265492431e-05,0.0010393401288714,-,2648405,2648447,106144,106178,+,43,35,2647609,2648529,106126,106184,0.358,0.1111,0.5185,0.1111,0.1246,0.6259,0.0,0.9492,0.4587,0.9908
1217,VC0116:cyaA,IGR,NC_002505,Spot42,sRNA,NC_002505,81,2,1.01981012188995e-05,0.0003304379068499,+,115713,115739,106133,106170,+,26,37,114397,115965,106122,106183,0.1605,0.037,0.1852,0.037,0.9447,0.5266,0.6399,0.9961,0.422,0.9817
1218,VCA0184,CDS,NC_002506,Spot42,sRNA,NC_002505,81,2,0.0003670105365436,0.0071152127089513,-,203597,203633,106139,106177,+,38,40,203245,203798,106079,106185,0.1852,0.321,0.2222,0.3457,0.2938,0.5761,0.0,1.0,0.0275,1.0
1220,gmhA,CDS,NC_002505,Spot42,sRNA,NC_002505,81,2,4.75095616882702e-13,3.7836765156401496e-11,-,2383596,2383639,106137,106173,+,44,37,2383305,2383912,106079,106184,0.2963,0.0988,0.3827,0.1358,0.4374,0.5605,0.0,0.9426,0.0275,0.9908
1235,VC0816,5UTR,NC_002505,Spot42,sRNA,NC_002505,80,2,7.5523308070619e-25,1.1144985209066898e-22,-,873064,873100,106137,106175,+,37,39,872948,873165,106086,106184,0.3375,0.2125,0.4875,0.3,0.0,0.5575,0.0,0.0,0.0917,0.9908
1238,VC0970,CDS,NC_002505,Spot42,sRNA,NC_002505,80,2,0.000153686538192,0.0034234365808661,+,1034513,1034553,106141,106178,+,41,38,1034163,1035194,106101,106184,0.4,0.2,0.6625,0.2375,0.3544,0.6,0.0,1.0,0.2294,0.9908
1248,VC1624,CDS,NC_002505,Spot42,sRNA,NC_002505,78,2,1.67280182464142e-27,2.7181680616693503e-25,-,1745559,1745595,106143,106180,+,37,37,1745185,1746206,106079,106184,0.3077,0.1923,0.4487,0.2051,0.7723,0.6163,0.2524,1.0,0.0275,0.9908
1257,VC1108,CDS,NC_002505,Spot42,sRNA,NC_002505,78,2,3.43391398529246e-16,3.39294276712769e-14,+,1178769,1178809,106144,106181,+,41,38,1177830,1179093,106110,106183,0.359,0.2692,0.6154,0.3205,0.8391,0.6221,0.1134,1.0,0.3119,0.9817
1303,VC0087,CDS,NC_002505,Spot42,sRNA,NC_002505,74,2,1.48524616203323e-05,0.0004611128646965,+,85169,85212,106141,106175,+,45,35,84997,85484,106084,106184,0.3108,0.2027,0.3784,0.2162,0.4795,0.5994,0.0,1.0,0.0734,0.9908
1305,nagA:VC1005,IGR,NC_002505,Spot42,sRNA,NC_002505,74,2,0.0001270352882363,0.0029176012533762,-,1064554,1064581,106129,106180,+,28,53,1061072,1064926,106109,106185,0.2432,0.0541,0.2838,0.0676,0.7637,0.4833,0.7386,0.9992,0.3028,1.0
1322,VC0068:VC0071,IGR,NC_002505,Spot42,sRNA,NC_002505,73,2,1.9270808723075602e-20,2.36317313880911e-18,-,70649,70679,106136,106176,+,31,41,69747,70798,106123,106183,0.3973,0.1233,0.5616,0.1233,0.1897,0.5512,0.0862,0.8171,0.4312,0.9817
1334,ansA,CDS,NC_002505,Spot42,sRNA,NC_002505,72,2,8.35991336183439e-08,4.01056891256193e-06,+,2149291,2149329,106135,106176,+,38,41,2149004,2150079,106078,106185,0.2639,0.1806,0.3194,0.1806,0.2898,0.5432,0.0,1.0,0.0183,1.0
1336,VC1040,CDS,NC_002505,Spot42,sRNA,NC_002505,72,2,1.72917253064499e-12,1.32089316173682e-10,-,1108847,1108882,106134,106177,+,35,44,1108700,1109357,106113,106185,0.3472,0.1111,0.5417,0.125,0.8308,0.5358,0.0,1.0,0.3394,1.0
1363,VC1857,CDS,NC_002505,Spot42,sRNA,NC_002505,70,2,0.0009913854368475,0.0157191602404085,+,1997528,1997568,106140,106176,+,41,38,1997184,1997696,106078,106183,0.5143,0.1857,0.6571,0.2143,0.7457,0.5831,0.0639,0.9734,0.0183,0.9817
1379,VC1711:VC1713,IGR,NC_002505,Spot42,sRNA,NC_002505,69,2,6.917031147769541e-51,1.97151946436704e-48,+,1848325,1848362,106144,106178,+,38,35,1848204,1848449,106109,106184,0.3478,0.1739,0.3768,0.2609,0.4314,0.6231,0.0855,0.6228,0.3028,0.9908
1381,VCA0235,CDS,NC_002506,Spot42,sRNA,NC_002505,69,2,6.17477166975673e-05,0.0015777984263594,+,256467,256508,106136,106174,+,42,38,256180,257475,106077,106184,0.2899,0.1739,0.3333,0.2319,0.2245,0.5527,0.0,1.0,0.0092,0.9908
1383,Spot42,sRNA,NC_002505,VCA0130,CDS,NC_002506,68,2,0.0004637511194459,0.0085758388553574,+,106107,106147,144726,144760,+,41,35,106077,106183,144662,145146,0.2353,0.0882,0.2794,0.1029,0.651,0.037,0.0092,0.9817,0.0,0.5124
1423,VC1084,CDS,NC_002505,Spot42,sRNA,NC_002505,66,2,6.049463729965941e-17,6.23358922516163e-15,+,1150408,1150445,106137,106180,+,38,44,1150024,1150587,106084,106184,0.2424,0.2879,0.6061,0.3333,0.3449,0.5566,0.0258,0.4526,0.0734,0.9908
1456,VC0745:xseA,IGR,NC_002505,Spot42,sRNA,NC_002505,63,2,9.31004091198455e-05,0.0022393426872015,-,817024,817059,106136,106180,+,35,45,803697,818186,106087,106185,0.2698,0.1746,0.2857,0.2063,0.0766,0.5481,0.0148,0.7854,0.1009,1.0
1468,VCA1023,CDS,NC_002506,Spot42,sRNA,NC_002505,63,2,1.61358859938012e-05,0.0004968362018994,+,971364,971400,106144,106180,+,37,37,969982,971806,106101,106184,0.3016,0.1905,0.4127,0.2063,0.8472,0.6239,0.0845,1.0,0.2294,0.9908
1479,VC0913,CDS,NC_002505,Spot42,sRNA,NC_002505,63,2,4.47041624973326e-07,1.91836078179289e-05,+,974102,974148,106133,106170,+,47,38,974013,974983,106078,106183,0.381,0.2063,0.4762,0.2698,0.0933,0.5218,0.0,0.8828,0.0183,0.9817
1480,VC0008,3UTR,NC_002505,Spot42,sRNA,NC_002505,63,2,1.37687991854707e-15,1.30530508586488e-13,-,4773,4816,106138,106173,+,44,36,4730,4832,106080,106183,0.2857,0.1429,0.3492,0.1587,1.0,0.5717,1.0,1.0,0.0367,0.9817
1483,VCA0489,CDS,NC_002506,Spot42,sRNA,NC_002505,62,2,4.16067583456344e-05,0.0011280767478294,+,426106,426142,106139,106174,+,37,36,425873,426300,106105,106185,0.4516,0.1774,0.5,0.1774,0.8948,0.5806,0.0033,1.0,0.2661,1.0
1506,VC1008,CDS,NC_002505,Spot42,sRNA,NC_002505,61,2,3.4684313420281503e-14,2.98165572837816e-12,+,1078845,1078869,106139,106181,+,25,43,1078589,1079304,106129,106184,0.2787,0.0328,0.3443,0.0328,0.5661,0.5774,0.2489,1.0,0.4862,0.9908
1513,VC1204,CDS,NC_002505,Spot42,sRNA,NC_002505,61,2,8.896181180087311e-21,1.1106954288696498e-18,-,1279590,1279622,106120,106174,+,32,55,1279535,1280388,106085,106184,0.4262,0.082,0.4754,0.082,0.9639,0.4023,0.1743,1.0,0.0826,0.9908
1597,rbsC,CDS,NC_002506,Spot42,sRNA,NC_002505,55,2,7.02510192696825e-07,2.90608673948876e-05,+,144555,144597,106143,106179,+,43,37,143908,144683,106080,106184,0.5818,0.2,1.4,0.2727,0.9632,0.6152,0.2725,1.0,0.0367,0.9908
1604,prmA,CDS,NC_002505,Spot42,sRNA,NC_002505,55,2,1.41627049170758e-22,1.9142086882683502e-20,-,301769,301806,106140,106177,+,38,38,301358,302136,106095,106184,0.2909,0.2,0.4,0.2,0.4901,0.585,0.0767,0.9538,0.1743,0.9908
1605,VCA0133,CDS,NC_002506,Spot42,sRNA,NC_002505,55,2,1.10999424903724e-10,7.3569980670563504e-09,+,147810,147842,106121,106171,+,33,50,147710,148073,106078,106185,0.3818,0.1091,0.4909,0.1273,0.0881,0.4168,0.0,0.4033,0.0183,1.0
1619,VC0183,CDS,NC_002505,Spot42,sRNA,NC_002505,54,2,0.0009316970827212,0.0149583781033861,-,185614,185659,106134,106172,+,47,40,184358,186482,106086,106184,0.4074,0.2037,0.4259,0.2037,0.4061,0.5289,0.0,1.0,0.0917,0.9908
1652,VCA1078,CDS,NC_002506,Spot42,sRNA,NC_002505,53,2,1.72494362750321e-08,9.01849419076464e-07,+,1031839,1031880,106140,106175,+,42,36,1031757,1032173,106080,106184,0.5094,0.2453,0.6792,0.283,0.2721,0.5904,0.1054,0.6676,0.0367,0.9908
1665,VC2153,CDS,NC_002505,Spot42,sRNA,NC_002505,53,2,4.655328119270691e-09,2.618429636198e-07,+,2304673,2304697,106136,106177,+,25,41,2304385,2304834,106077,106183,0.1132,0.1321,0.1132,0.2075,0.4955,0.5548,0.0788,0.6782,0.0092,0.9817
1674,VC0888,CDS,NC_002505,Spot42,sRNA,NC_002505,52,2,3.02920093753203e-19,3.52805605146432e-17,+,947378,947418,106140,106171,+,41,31,946942,947477,106127,106183,0.5385,0.2308,0.9038,0.25,0.9899,0.5893,0.342,1.0,0.4679,0.9817
1692,VC2047:VC2072,IGR,NC_002505,Spot42,sRNA,NC_002505,51,2,7.63154539696068e-05,0.0018897561983774,+,2225746,2225784,106146,106179,+,39,35,2207907,2227369,106085,106184,0.1569,0.2157,0.2353,0.2353,0.9276,0.6382,0.1122,1.0,0.0826,0.9908
1694,VC0835,CDS,NC_002505,Spot42,sRNA,NC_002505,51,2,7.77088814855662e-06,0.0002581135086188,+,896741,896822,106138,106173,+,82,36,896332,897598,106080,106184,0.2941,0.1373,0.4314,0.1373,0.4412,0.5643,0.1171,0.955,0.0367,0.9908
1696,VC0969,CDS,NC_002505,Spot42,sRNA,NC_002505,51,2,4.1550302163987194e-11,2.8550790917965204e-09,-,1033339,1033378,106134,106172,+,40,39,1033189,1033998,106079,106184,0.2941,0.1961,1.451,0.1961,0.8966,0.5337,0.0199,1.0,0.0275,0.9908
1706,VC0187,CDS,NC_002505,Spot42,sRNA,NC_002505,51,2,0.0018081559123811,0.0247387273555168,-,191160,191200,106139,106178,+,41,39,190942,191751,106086,106184,0.2549,0.1961,0.3137,0.2745,0.7085,0.5818,0.0036,0.9678,0.0917,0.9908
1722,VCA0245,5UTR,NC_002506,Spot42,sRNA,NC_002505,50,2,9.78962740784214e-28,1.60769005287019e-25,-,265223,265264,106137,106173,+,42,37,265143,265288,106093,106184,0.26,0.18,0.4,0.32,0.0,0.5593,0.0,0.1542,0.156,0.9908
1724,VC1031,CDS,NC_002505,Spot42,sRNA,NC_002505,50,2,2.5581535552031302e-15,2.3871573487325997e-13,+,1097060,1097099,106135,106170,+,40,36,1097046,1097152,106089,106184,0.3,0.16,0.36,0.2,0.0252,0.5372,0.0,0.1455,0.1193,0.9908
1727,VC1849,CDS,NC_002505,Spot42,sRNA,NC_002505,50,2,2.7533352733736e-06,0.00010081078858,+,1989048,1989083,106131,106171,+,36,40,1988837,1989317,106085,106184,0.52,0.1,0.54,0.14,0.5705,0.5077,0.0729,1.0,0.0826,0.9908
1747,Vcr095:VCA0202,IGR,NC_002506,Spot42,sRNA,NC_002505,49,2,1.09704791880937e-07,5.15624332871292e-06,-,215085,215122,106129,106166,+,39,38,214574,219568,106080,106184,0.2041,0.1224,0.2041,0.1224,0.7157,0.4861,0.001,0.7971,0.0367,0.9908
1774,VCA1048,CDS,NC_002506,Spot42,sRNA,NC_002505,48,2,3.2073565683566703e-09,1.84076546329019e-07,+,998835,998860,106115,106178,+,25,64,998804,998866,106086,106183,0.2083,0.0625,0.2708,0.0625,0.0327,0.3559,0.0,0.0396,0.0917,0.9817
1786,VCA0886,CDS,NC_002506,Spot42,sRNA,NC_002505,48,2,0.0001214748525708,0.0028066294838016,-,839914,839950,106135,106174,+,37,40,838951,840178,106080,106185,0.2917,0.1458,0.4583,0.25,0.1722,0.5371,0.0,0.979,0.0367,1.0
1791,VC1076:VC1080,IGR,NC_002505,Spot42,sRNA,NC_002505,47,2,9.792412508071882e-15,8.775214352127349e-13,+,1146013,1146053,106135,106171,+,41,37,1145977,1146433,106080,106185,0.1702,0.1277,0.1915,0.1277,0.2727,0.5393,0.2332,0.471,0.0367,1.0
1826,VCA0218:Vcr096,IGR,NC_002506,Spot42,sRNA,NC_002505,45,2,0.0001046938474906,0.0024736871354111,-,241791,241826,106138,106178,+,36,41,236990,242011,106080,106184,0.2889,0.1778,0.3556,0.1778,0.3035,0.566,0.2724,0.9832,0.0367,0.9908
1869,VC1365,CDS,NC_002505,Spot42,sRNA,NC_002505,44,2,1.4642158196846e-16,1.4808196878792502e-14,+,1455150,1455186,106134,106173,+,37,40,1454789,1455460,106079,106183,0.1591,0.1136,0.1591,0.1364,0.5995,0.529,0.0611,0.9715,0.0275,0.9817
1874,VC2264,CDS,NC_002505,Spot42,sRNA,NC_002505,43,2,2.4941916307661198e-12,1.88114331467891e-10,+,2420560,2420597,106138,106179,+,38,42,2420487,2420690,106080,106183,0.4419,0.1395,0.5116,0.2093,0.7615,0.5709,0.4939,0.9855,0.0367,0.9817
1878,VC1509,CDS,NC_002505,Spot42,sRNA,NC_002505,43,2,1.23217625619712e-10,8.12569365608016e-09,-,1622492,1622528,106144,106181,+,38,38,1622135,1622749,106128,106183,0.3023,0.1628,0.3953,0.2558,0.3585,0.62,0.0282,0.8164,0.4771,0.9817
1879,VCA0645,CDS,NC_002506,Spot42,sRNA,NC_002505,43,2,1.3028783084555e-26,2.05461791379836e-24,-,580657,580687,106139,106175,+,31,37,580645,580706,106124,106183,0.2791,0.2791,0.2791,0.2791,0.2996,0.5748,0.1711,0.3316,0.4404,0.9817
1905,VCA0937:MicX,IGR,NC_002506,Spot42,sRNA,NC_002505,43,2,0.000176111083498,0.0038424063350616,-,893076,893116,106134,106178,+,41,44,892666,893272,106080,106184,0.5581,0.2791,1.0698,0.2791,0.0479,0.5336,0.0,0.1479,0.0367,0.9908
1911,VC1636,CDS,NC_002505,Spot42,sRNA,NC_002505,42,2,1.36927588568667e-05,0.0004295377457115,+,1762493,1762534,106146,106180,+,42,36,1762377,1762702,106134,106184,0.3095,0.2381,0.4048,0.2619,0.4048,0.6402,0.3167,0.4989,0.5321,0.9908
1928,VCA0922,CDS,NC_002506,Spot42,sRNA,NC_002505,42,2,4.40255035216838e-11,3.0211968341522904e-09,+,873841,873884,106145,106180,+,45,36,873782,874465,106125,106184,0.1905,0.2381,0.5,0.2381,0.1866,0.6324,0.0181,1.0,0.4495,0.9908
1947,VC0928,CDS,NC_002505,Spot42,sRNA,NC_002505,41,2,6.70958258456228e-05,0.0016939642732072,+,991106,991143,106134,106170,+,39,37,991020,991873,106090,106183,0.2683,0.1951,0.2927,0.2439,0.0324,0.533,0.0,0.9276,0.1284,0.9817
1965,gmk,CDS,NC_002505,Spot42,sRNA,NC_002505,41,2,2.41759717735959e-13,1.9654194656922398e-11,+,2880494,2880537,106144,106179,+,43,37,2879874,2880606,106116,106184,0.1951,0.1951,0.3659,0.2439,0.9564,0.6214,0.0,1.0,0.367,0.9908
1967,VC0306,CDS,NC_002505,Spot42,sRNA,NC_002505,41,2,0.0012156420551696,0.0183570640496352,+,317798,317831,106136,106179,+,33,44,317738,318116,106078,106183,0.2195,0.0976,0.2439,0.0976,0.1802,0.5549,0.0,1.0,0.0183,0.9817
1973,VCA0904,CDS,NC_002506,Spot42,sRNA,NC_002505,41,2,1.05085762456857e-08,5.63938728962545e-07,-,859384,859418,106139,106178,+,34,40,858257,859573,106109,106183,0.122,0.0732,0.1463,0.122,0.0914,0.5766,0.0,0.9253,0.3028,0.9817
1992,VCA1041:VCA1044,IGR,NC_002506,Spot42,sRNA,NC_002505,40,2,1.1913828007678e-07,5.56865161821404e-06,+,993559,993589,106134,106178,+,31,45,993313,994429,106079,106183,0.3,0.175,0.325,0.175,0.4112,0.5312,0.2196,0.9951,0.0275,0.9817
1994,VCA0864,CDS,NC_002506,Spot42,sRNA,NC_002505,40,2,3.56152843444542e-08,1.78955701809578e-06,+,817229,817257,106136,106179,+,28,44,816394,817293,106095,106184,0.275,0.1,0.325,0.1,0.9832,0.5523,0.3094,1.0,0.1743,0.9908
1998,VCA0559:VCA0561,IGR,NC_002506,Spot42,sRNA,NC_002505,40,2,0.0001242256891251,0.0028618737945579,+,498465,498499,106144,106178,+,35,35,498246,498720,106124,106183,0.4,0.125,0.475,0.125,0.4911,0.625,0.2719,0.6823,0.4404,0.9817
2002,VC0844,CDS,NC_002505,Spot42,sRNA,NC_002505,40,2,5.2142304987038704e-20,6.26513712907796e-18,-,905988,906022,106133,106171,+,34,39,905626,906275,106078,106184,0.45,0.225,0.525,0.225,0.3362,0.525,0.0,0.8964,0.0183,0.9908
2006,VCA0195,CDS,NC_002506,Spot42,sRNA,NC_002505,40,2,4.52034148394589e-13,3.6043978303815395e-11,-,212235,212270,106138,106173,+,36,36,211983,212484,106109,106183,0.2,0.175,0.3,0.175,0.5733,0.5681,0.1186,1.0,0.3028,0.9817
2026,VC1605a,CDS,NC_002505,Spot42,sRNA,NC_002505,39,2,0.0019713530447457,0.0263225927757343,+,1719997,1720037,106141,106176,+,41,36,1719939,1720272,106108,106183,0.2564,0.2564,0.359,0.2821,0.0635,0.5977,0.0,1.0,0.2936,0.9817
2032,VCA0248,CDS,NC_002506,Spot42,sRNA,NC_002505,39,2,1.55948768660955e-07,7.16896325320194e-06,+,268462,268497,106137,106175,+,36,39,268292,269229,106079,106184,0.4359,0.2821,0.641,0.4872,0.1595,0.5573,0.0,0.8454,0.0275,0.9908
2060,VCA0530:VCA0534,IGR,NC_002506,Spot42,sRNA,NC_002505,38,2,0.0001789429088957,0.0038926807347752,-,469237,469278,106140,106175,+,42,36,469120,470888,106127,106183,0.3421,0.2105,0.4474,0.2368,0.9607,0.5884,0.2846,1.0,0.4679,0.9817
2069,VC0807,CDS,NC_002505,Spot42,sRNA,NC_002505,38,2,2.76944997160059e-05,0.0007948952632162,-,862892,862934,106145,106180,+,43,36,862446,863097,106114,106184,0.3158,0.2368,0.3421,0.2368,0.387,0.6311,0.0864,1.0,0.3486,0.9908
2079,VC2695,CDS,NC_002505,Spot42,sRNA,NC_002505,37,2,0.0040509320926265,0.0432814896209134,+,2863037,2863073,106141,106177,+,37,37,2862672,2863163,106087,106183,0.3243,0.2703,0.3514,0.4865,0.8088,0.6,0.0,0.9979,0.1009,0.9817
2118,VC1325,CDS,NC_002505,Spot42,sRNA,NC_002505,37,2,2.17411780363601e-09,1.2745789953693e-07,+,1409115,1409159,106122,106174,+,45,53,1408978,1410097,106090,106184,0.4595,0.1351,0.5676,0.2162,0.0806,0.4235,0.0,1.0,0.1284,0.9908
2129,VC2425,CDS,NC_002505,Spot42,sRNA,NC_002505,36,2,8.227116266700091e-15,7.41819674199869e-13,+,2599528,2599561,106134,106172,+,33,39,2599371,2599591,106078,106184,0.1944,0.2222,0.3611,0.3333,0.1435,0.5331,0.0,0.168,0.0183,0.9908
2147,VCA0340,CDS,NC_002506,Spot42,sRNA,NC_002505,36,2,0.0001521925061194,0.0033965109035886,+,338458,338495,106138,106178,+,38,41,338185,338578,106087,106183,0.3611,0.1389,0.3889,0.1389,0.3442,0.5665,0.0,0.5079,0.1009,0.9817
2179,VC2112,CDS,NC_002505,Spot42,sRNA,NC_002505,35,2,0.0018270669772206,0.0249258563964712,-,2270489,2270520,106134,106175,+,33,42,2270265,2270621,106092,106183,0.2286,0.2,0.4286,0.2,0.3626,0.5277,0.0,1.0,0.1468,0.9817
2227,VCA0815,CDS,NC_002506,Spot42,sRNA,NC_002505,34,2,0.0015401027539756,0.0220430520227378,-,762523,762560,106140,106177,+,38,38,761658,763329,106096,106184,0.1765,0.2647,0.2353,0.3235,0.4106,0.5904,0.0045,0.8463,0.1835,0.9908
2262,VCA0127,CDS,NC_002506,Spot42,sRNA,NC_002505,33,2,7.78854159130322e-07,3.19715909544145e-05,+,141694,141728,106139,106178,+,34,40,141610,142038,106108,106183,0.3939,0.303,0.4545,0.3333,0.0872,0.5755,0.0,0.8282,0.2936,0.9817
2267,VC2487,CDS,NC_002505,Spot42,sRNA,NC_002505,33,2,3.1961971377801503e-09,1.83476285268183e-07,-,2668008,2668042,106140,106173,+,35,34,2667721,2668360,106127,106183,0.303,0.0909,0.3636,0.0909,0.4504,0.5849,0.1268,0.7142,0.4679,0.9817
2292,VC2235:VC2238,IGR,NC_002505,Spot42,sRNA,NC_002505,33,2,1.29839014088066e-09,7.78609016327514e-08,-,2390273,2390310,106140,106174,+,38,35,2390142,2392192,106095,106183,0.3333,0.1818,0.4242,0.2727,0.9489,0.588,0.1596,1.0,0.1743,0.9817
2295,VC1273,3UTR,NC_002505,Spot42,sRNA,NC_002505,33,2,9.09723052442957e-05,0.0021980456340536,+,1348740,1348782,106143,106178,+,43,36,1348611,1348815,106103,106185,0.2727,0.1818,0.3939,0.1818,1.0,0.6163,0.8828,1.0,0.2477,1.0
2309,VC2004,CDS,NC_002505,Spot42,sRNA,NC_002505,32,2,6.72457310971678e-08,3.26975033718189e-06,+,2156858,2156883,106140,106181,+,26,43,2156714,2157728,106129,106184,0.2188,0.0625,0.2188,0.0625,0.1556,0.5846,0.0,1.0,0.4862,0.9908
2312,VC1773,CDS,NC_002505,Spot42,sRNA,NC_002505,32,2,0.0007552481527357,0.0126885661845384,-,1923323,1923358,106134,106170,+,36,37,1922632,1923839,106093,106184,0.3125,0.2188,0.3438,0.2812,0.5204,0.5353,0.0383,1.0,0.156,0.9908
2317,VC1538:VC1542,IGR,NC_002505,Spot42,sRNA,NC_002505,32,2,2.04198472378696e-10,1.32230247860219e-08,-,1651777,1651808,106143,106179,+,31,37,1651738,1652681,106127,106183,0.125,0.125,0.125,0.125,0.704,0.6132,0.483,0.7136,0.4679,0.9817
2328,VC1588,3UTR,NC_002505,Spot42,sRNA,NC_002505,32,2,2.4298957838762704e-09,1.41534269944674e-07,-,1698896,1698922,106127,106181,+,26,55,1698864,1699426,106114,106184,0.25,0.125,0.25,0.2188,1.0,0.4644,0.5993,1.0,0.3486,0.9908
2406,VCA0144,CDS,NC_002506,Spot42,sRNA,NC_002505,30,2,5.72240990554769e-06,0.0001960898591613,+,159180,159215,106133,106172,+,36,39,159126,159339,106087,106184,0.2667,0.2667,0.4667,0.2667,0.0664,0.5251,0.0,0.1839,0.1009,0.9908
2458,Vcr068,sRNA,NC_002505,Spot42,sRNA,NC_002505,29,2,3.80828087975686e-09,2.16995794822901e-07,-,1897800,1897842,106140,106174,+,43,35,1897781,1897962,106110,106183,0.2069,0.2759,0.2759,0.2759,0.8942,0.583,0.037,0.9947,0.3119,0.9817
2472,VC2716,CDS,NC_002505,Spot42,sRNA,NC_002505,29,2,0.0007211884660762,0.012257068728174,+,2890442,2890484,106143,106180,+,43,38,2889920,2892220,106103,106184,0.3103,0.1379,0.3448,0.1724,0.1909,0.6159,0.0,0.9388,0.2477,0.9908
2514,groES,CDS,NC_002505,Spot42,sRNA,NC_002505,28,2,0.0025717016341458,0.0317650640732414,-,2834356,2834397,106134,106168,+,42,35,2834260,2834640,106105,106184,0.2857,0.25,0.4286,0.2857,0.8339,0.5295,0.0,1.0,0.2661,0.9908
2539,Spot42,sRNA,NC_002505,VC2387:VC2388,IGR,NC_002505,28,2,0.0009494569995299,0.0151757387132757,+,106119,106161,2553144,2553174,+,44,31,106110,106164,2553137,2553197,0.5357,0.0357,0.5357,0.0357,0.7841,0.2471,0.3119,0.8073,0.1835,0.7339
2564,VC2103,CDS,NC_002505,Spot42,sRNA,NC_002505,27,2,3.08150171826582e-12,2.30682856695454e-10,+,2262145,2262179,106141,106175,+,35,35,2261563,2262573,106097,106183,0.6667,0.1852,0.8889,0.3704,0.7435,0.599,0.0421,1.0,0.1927,0.9817
2571,VC2384:carB,IGR,NC_002505,Spot42,sRNA,NC_002505,27,2,3.94685456866209e-05,0.0010783636644953,-,2551098,2551126,106129,106178,+,28,49,2549372,2553398,106120,106183,0.1481,0.0741,0.1481,0.0741,0.6109,0.4883,0.0905,1.0,0.4037,0.9817
2742,VC1554:VC1560,IGR,NC_002505,Spot42,sRNA,NC_002505,25,2,5.45128832181428e-14,4.624009420826e-12,+,1667675,1667699,106137,106182,+,25,46,1667668,1667817,106135,106183,0.08,0.0,0.08,0.0,0.1091,0.5633,0.1002,0.1429,0.5413,0.9817
2746,VC1713,CDS,NC_002505,Spot42,sRNA,NC_002505,25,2,1.54178195933332e-06,5.96352246133923e-05,+,1848707,1848743,106138,106176,+,37,39,1848622,1849146,106078,106183,0.24,0.2,0.24,0.24,0.2014,0.5644,0.0,1.0,0.0183,0.9817
2766,VC1270:VC1272,IGR,NC_002505,Spot42,sRNA,NC_002505,24,2,1.90304452864944e-10,1.23630400471441e-08,+,1346645,1346684,106138,106178,+,41,41,1346372,1346789,106077,106183,0.625,0.0417,0.7917,0.0417,0.7582,0.57,0.1811,0.9519,0.0092,0.9817
2796,rimO,CDS,NC_002505,Spot42,sRNA,NC_002505,24,2,0.0002520692459692,0.0052021952475149,+,2789979,2790019,106141,106178,+,41,38,2789511,2790135,106105,106183,0.5417,0.25,1.2917,0.375,0.7413,0.5952,0.3817,0.8237,0.2661,0.9817
2826,VC1129,CDS,NC_002505,Spot42,sRNA,NC_002505,24,2,0.0013849131610477,0.0202942656596001,+,1197635,1197676,106146,106181,+,42,36,1196863,1197870,106127,106184,0.4583,0.1667,1.0833,0.1667,0.6606,0.638,0.0368,0.809,0.4679,0.9908
2845,ulaA,CDS,NC_002506,Spot42,sRNA,NC_002505,23,2,1.06997048643554e-06,4.26972668046109e-05,-,265840,265877,106133,106176,+,38,44,265265,267167,106086,106184,0.5217,0.1304,1.3913,0.1304,0.7042,0.5217,0.0,1.0,0.0917,0.9908
2875,VC1186,CDS,NC_002505,Spot42,sRNA,NC_002505,23,2,0.0003358740536282,0.0066080852599575,-,1260739,1260777,106145,106180,+,38,36,1260433,1261381,106132,106184,0.3043,0.087,0.4783,0.087,0.8449,0.6322,0.0052,1.0,0.5138,0.9908
2895,VCA1004,CDS,NC_002506,Spot42,sRNA,NC_002505,23,2,0.0031617045901759,0.0366378115949816,-,957293,957332,106124,106162,+,40,39,957175,957826,106079,106184,0.3478,0.2609,0.5217,0.3043,0.854,0.4436,0.0,1.0,0.0275,0.9908
2908,VC2395,CDS,NC_002505,Spot42,sRNA,NC_002505,23,2,0.0015153392835145,0.0217623458471378,+,2563619,2563658,106137,106174,+,40,38,2563405,2563820,106109,106185,0.3478,0.1739,0.8696,0.1739,0.4295,0.558,0.0,0.7717,0.3028,1.0
2983,tRNA-His-2:tRNA-Pro-2,IGR,NC_002505,Spot42,sRNA,NC_002505,22,2,6.07237272900624e-10,3.77003815007752e-08,+,167659,167692,106155,106182,+,34,28,167639,167714,106146,106184,0.5,0.0909,0.6364,0.0909,0.5508,0.726,0.0,0.9167,0.6422,0.9908
3093,VC1390,3UTR,NC_002505,Spot42,sRNA,NC_002505,20,2,6.94887012308999e-07,2.87773311214518e-05,-,1480455,1480495,106140,106177,+,42,38,1480289,1480748,106089,106183,0.25,0.05,0.8,0.05,1.0,0.5913,0.8074,1.0,0.1193,0.9817
3190,VC1820,3UTR,NC_002505,Spot42,sRNA,NC_002505,20,2,2.2989735389612802e-14,2.00528215742558e-12,+,1961527,1961550,106118,106182,+,23,65,1961527,1961550,106087,106184,0.95,0.05,0.95,0.05,1.0,0.3876,0.975,1.0,0.1009,0.9908
